id1,id2,correlation,Metadata_line_ID1,Metadata_plating_density1,Metadata_line_ID2,Metadata_plating_density2,Count_Cells1,Count_Cells2,cell_count_abs_diff,cell_count_sum
26,25,0.9579599664224218,26,10000,25,10000,1224.5,1374,149.5,2598.5
25,23,0.88809940787034225,25,10000,23,10000,1374,1077.5,296.5,2451.5
26,24,0.872071135393279,26,10000,24,10000,1224.5,1786,561.5,3010.5
25,24,0.8537098767550337,25,10000,24,10000,1374,1786,412,3160
26,23,0.8359756415084099,26,10000,23,10000,1224.5,1077.5,147,2302
37,29,0.7378093618687813,37,10000,29,10000,3364,2358,1006,5722
24,23,0.7263808476339549,24,10000,23,10000,1786,1077.5,708.5,2863.5
48,30,0.7159907590198021,48,10000,30,10000,1715.5,1624,91.5,3339.5
37,32,0.7136089899134763,37,10000,32,10000,3364,2673.5,690.5,6037.5
47,44,0.7109080876603325,47,10000,44,10000,3623,3429,194,7052
40,28,0.6775581669466885,40,10000,28,10000,1563,1027,536,2590
41,38,0.6737368207385246,41,10000,38,10000,3801.5,2397.5,1404,6199
5,1,0.6696041351135098,5,10000,1,10000,1363.5,1517,153.5,2880.5
14,13,0.6350872666392274,14,10000,13,10000,1483.5,1809.5,326,3293
22,20,0.6146805946569643,22,10000,20,10000,1363,1503,140,2866
45,28,0.6127440455852167,45,10000,28,10000,2163.5,1027,1136.5,3190.5
47,41,0.60867535599763,47,10000,41,10000,3623,3801.5,178.5,7424.5
32,29,0.6003626640268032,32,10000,29,10000,2673.5,2358,315.5,5031.5
20,6,0.5978687367836555,20,10000,6,10000,1503,1185,318,2688
47,2,0.5914222290626201,47,10000,2,10000,3623,2509.5,1113.5,6132.5
30,16,0.5911112550370652,30,10000,16,10000,1624,1916,292,3540
45,32,0.585608095625753,45,10000,32,10000,2163.5,2673.5,510,4837
45,42,0.5840944255341665,45,10000,42,10000,2163.5,3053.5,890,5217
22,3,0.5747860536903856,22,10000,3,10000,1363,1435,72,2798
46,3,0.5703504010767171,46,10000,3,10000,2187,1435,752,3622
16,14,0.5678706028266413,16,10000,14,10000,1916,1483.5,432.5,3399.5
48,14,0.5621975438072699,48,10000,14,10000,1715.5,1483.5,232,3199
40,26,0.5589971815128932,40,10000,26,10000,1563,1224.5,338.5,2787.5
16,13,0.5567598238794191,16,10000,13,10000,1916,1809.5,106.5,3725.5
48,38,0.5549153814352137,48,10000,38,10000,1715.5,2397.5,682,4113
44,41,0.5475282857444085,44,10000,41,10000,3429,3801.5,372.5,7230.5
33,30,0.5466039115715108,33,10000,30,10000,2186,1624,562,3810
43,41,0.5454750566888608,43,10000,41,10000,2869,3801.5,932.5,6670.5
34,31,0.54235498484838,34,10000,31,10000,2624,1815.5,808.5,4439.5
48,16,0.5396522344828085,48,10000,16,10000,1715.5,1916,200.5,3631.5
17,14,0.5392691108937075,17,10000,14,10000,1197.5,1483.5,286,2681
45,40,0.5246842334555796,45,10000,40,10000,2163.5,1563,600.5,3726.5
46,45,0.5242691532901351,46,10000,45,10000,2187,2163.5,23.5,4350.5
28,26,0.5204126870804847,28,10000,26,10000,1027,1224.5,197.5,2251.5
39,5,0.5171683447226212,39,10000,5,10000,2384.5,1363.5,1021,3748
40,25,0.5169875379508649,40,10000,25,10000,1563,1374,189,2937
41,27,0.5084963004634706,41,10000,27,10000,3801.5,2401.5,1400,6203
31,5,0.4953065311200801,31,10000,5,10000,1815.5,1363.5,452,3179
47,24,0.48490321562227146,47,10000,24,10000,3623,1786,1837,5409
32,19,0.4829562745022045,32,10000,19,10000,2673.5,2318.5,355,4992
46,32,0.4763943315684705,46,10000,32,10000,2187,2673.5,486.5,4860.5
40,24,0.469257032967826,40,10000,24,10000,1563,1786,223,3349
27,26,0.46317014319923183,27,10000,26,10000,2401.5,1224.5,1177,3626
45,25,0.45364023099188494,45,10000,25,10000,2163.5,1374,789.5,3537.5
45,26,0.45314819324476774,45,10000,26,10000,2163.5,1224.5,939,3388
30,14,0.4441718332713966,30,10000,14,10000,1624,1483.5,140.5,3107.5
46,37,0.4441586801739361,46,10000,37,10000,2187,3364,1177,5551
37,19,0.4431001545646616,37,10000,19,10000,3364,2318.5,1045.5,5682.5
48,13,0.4423769397696964,48,10000,13,10000,1715.5,1809.5,94,3525
34,33,0.4416347154280673,34,10000,33,10000,2624,2186,438,4810
28,25,0.4390143449796623,28,10000,25,10000,1027,1374,347,2401
33,1,0.436019262260275,33,10000,1,10000,2186,1517,669,3703
30,1,0.4346333884418349,30,10000,1,10000,1624,1517,107,3141
45,23,0.43273733658653596,45,10000,23,10000,2163.5,1077.5,1086,3241
17,5,0.42913048803550363,17,10000,5,10000,1197.5,1363.5,166,2561
43,37,0.4272985159727995,43,10000,37,10000,2869,3364,495,6233
33,16,0.4252086410962171,33,10000,16,10000,2186,1916,270,4102
16,8,0.4242865790019608,16,10000,8,10000,1916,1030.5,885.5,2946.5
27,24,0.42294414194697255,27,10000,24,10000,2401.5,1786,615.5,4187.5
42,37,0.422227232711133,42,10000,37,10000,3053.5,3364,310.5,6417.5
20,17,0.4213922023053431,20,10000,17,10000,1503,1197.5,305.5,2700.5
29,18,0.41935915175536054,29,10000,18,10000,2358,2409,51,4767
44,2,0.41849270748576,44,10000,2,10000,3429,2509.5,919.5,5938.5
42,32,0.4166811480091153,42,10000,32,10000,3053.5,2673.5,380,5727
27,25,0.4146246129246278,27,10000,25,10000,2401.5,1374,1027.5,3775.5
31,25,0.4116448193992651,31,10000,25,10000,1815.5,1374,441.5,3189.5
24,2,0.40810169122984724,24,10000,2,10000,1786,2509.5,723.5,4295.5
36,27,0.40606645091910454,36,10000,27,10000,2064.5,2401.5,337,4466
34,19,0.4051880713775565,34,10000,19,10000,2624,2318.5,305.5,4942.5
38,16,0.4045708188023469,38,10000,16,10000,2397.5,1916,481.5,4313.5
23,6,0.4041602180272058,23,10000,6,10000,1077.5,1185,107.5,2262.5
45,24,0.40101329481923254,45,10000,24,10000,2163.5,1786,377.5,3949.5
41,37,0.39473805558882125,41,10000,37,10000,3801.5,3364,437.5,7165.5
44,43,0.39014776143396435,44,10000,43,10000,3429,2869,560,6298
33,10,0.38912177811693316,33,10000,10,10000,2186,1981,205,4167
20,3,0.38733843199371903,20,10000,3,10000,1503,1435,68,2938
31,23,0.38249579866558964,31,10000,23,10000,1815.5,1077.5,738,2893
28,23,0.38216831765561643,28,10000,23,10000,1027,1077.5,50.5,2104.5
46,29,0.38135791978172234,46,10000,29,10000,2187,2358,171,4545
43,18,0.38061779175989185,43,10000,18,10000,2869,2409,460,5278
40,23,0.3785540074472368,40,10000,23,10000,1563,1077.5,485.5,2640.5
14,1,0.3760135598420831,14,10000,1,10000,1483.5,1517,33.5,3000.5
28,24,0.3758211145622626,28,10000,24,10000,1027,1786,759,2813
44,34,0.3742532415031706,44,10000,34,10000,3429,2624,805,6053
44,37,0.37174382046570603,44,10000,37,10000,3429,3364,65,6793
38,30,0.3712355720536961,38,10000,30,10000,2397.5,1624,773.5,4021.5
45,37,0.3710036379555183,45,10000,37,10000,2163.5,3364,1200.5,5527.5
37,34,0.37033957155098124,37,10000,34,10000,3364,2624,740,5988
46,42,0.36608807441253133,46,10000,42,10000,2187,3053.5,866.5,5240.5
34,18,0.3609538866554361,34,10000,18,10000,2624,2409,215,5033
10,1,0.3601427172219263,10,10000,1,10000,1981,1517,464,3498
14,10,0.3600922105355944,14,10000,10,10000,1483.5,1981,497.5,3464.5
34,29,0.35469220288866554,34,10000,29,10000,2624,2358,266,4982
38,13,0.3465199336385824,38,10000,13,10000,2397.5,1809.5,588,4207
19,6,0.3444738968129129,19,10000,6,10000,2318.5,1185,1133.5,3503.5
10,5,0.3433561784542178,10,10000,5,10000,1981,1363.5,617.5,3344.5
22,8,0.3429104730942231,22,10000,8,10000,1363,1030.5,332.5,2393.5
43,29,0.34035179993489983,43,10000,29,10000,2869,2358,511,5227
14,8,0.34026698258175175,14,10000,8,10000,1483.5,1030.5,453,2514
17,8,0.33960908628024994,17,10000,8,10000,1197.5,1030.5,167,2228
38,8,0.339384646794376,38,10000,8,10000,2397.5,1030.5,1367,3428
17,10,0.3393328650867252,17,10000,10,10000,1197.5,1981,783.5,3178.5
41,36,0.3384405579244049,41,10000,36,10000,3801.5,2064.5,1737,5866
43,27,0.33800637451141646,43,10000,27,10000,2869,2401.5,467.5,5270.5
5,4,0.3361171499394972,5,10000,4,10000,1363.5,1145.5,218,2509
42,40,0.3357306754890174,42,10000,40,10000,3053.5,1563,1490.5,4616.5
30,13,0.33392323198845414,30,10000,13,10000,1624,1809.5,185.5,3433.5
47,26,0.3318700623601958,47,10000,26,10000,3623,1224.5,2398.5,4847.5
31,19,0.3295733260945341,31,10000,19,10000,1815.5,2318.5,503,4134
19,3,0.3267128275006924,19,10000,3,10000,2318.5,1435,883.5,3753.5
14,4,0.325869796373345,14,10000,4,10000,1483.5,1145.5,338,2629
13,10,0.3254390437499007,13,10000,10,10000,1809.5,1981,171.5,3790.5
31,26,0.3253375482049405,31,10000,26,10000,1815.5,1224.5,591,3040
47,37,0.32208534316139203,47,10000,37,10000,3623,3364,259,6987
10,4,0.3205912105700925,10,10000,4,10000,1981,1145.5,835.5,3126.5
34,10,0.31616023492951,34,10000,10,10000,2624,1981,643,4605
34,5,0.31142033980486067,34,10000,5,10000,2624,1363.5,1260.5,3987.5
30,10,0.3076046629366017,30,10000,10,10000,1624,1981,357,3605
17,4,0.3054249976358128,17,10000,4,10000,1197.5,1145.5,52,2343
29,19,0.3034344626713951,29,10000,19,10000,2358,2318.5,39.5,4676.5
43,39,0.3033600437736961,43,10000,39,10000,2869,2384.5,484.5,5253.5
48,33,0.30324786070243404,48,10000,33,10000,1715.5,2186,470.5,3901.5
17,6,0.3011695704380378,17,10000,6,10000,1197.5,1185,12.5,2382.5
39,31,0.2995583600996469,39,10000,31,10000,2384.5,1815.5,569,4200
17,13,0.2992754643868862,17,10000,13,10000,1197.5,1809.5,612,3007
17,1,0.2953190459466296,17,10000,1,10000,1197.5,1517,319.5,2714.5
14,5,0.29448399330297853,14,10000,5,10000,1483.5,1363.5,120,2847
16,10,0.2911171713904247,16,10000,10,10000,1916,1981,65,3897
32,3,0.2904684376347608,32,10000,3,10000,2673.5,1435,1238.5,4108.5
44,42,0.290312398324629,44,10000,42,10000,3429,3053.5,375.5,6482.5
47,25,0.2850949092970478,47,10000,25,10000,3623,1374,2249,4997
47,42,0.2839911703233506,47,10000,42,10000,3623,3053.5,569.5,6676.5
43,38,0.2837995427046094,43,10000,38,10000,2869,2397.5,471.5,5266.5
45,29,0.2829544625728927,45,10000,29,10000,2163.5,2358,194.5,4521.5
22,18,0.28243350139416984,22,10000,18,10000,1363,2409,1046,3772
17,16,0.2801897340608745,17,10000,16,10000,1197.5,1916,718.5,3113.5
40,27,0.2799058475267764,40,10000,27,10000,1563,2401.5,838.5,3964.5
27,23,0.27678233806868446,27,10000,23,10000,2401.5,1077.5,1324,3479
39,34,0.27442903902877414,39,10000,34,10000,2384.5,2624,239.5,5008.5
37,18,0.272462121510467,37,10000,18,10000,3364,2409,955,5773
31,6,0.26951652466212517,31,10000,6,10000,1815.5,1185,630.5,3000.5
29,3,0.2675730977177515,29,10000,3,10000,2358,1435,923,3793
38,14,0.26740529758990644,38,10000,14,10000,2397.5,1483.5,914,3881
19,10,0.26554567683620056,19,10000,10,10000,2318.5,1981,337.5,4299.5
47,43,0.26524908781033235,47,10000,43,10000,3623,2869,754,6492
25,6,0.2628814816255627,25,10000,6,10000,1374,1185,189,2559
48,8,0.2625468857076551,48,10000,8,10000,1715.5,1030.5,685,2746
26,6,0.2621785554138341,26,10000,6,10000,1224.5,1185,39.5,2409.5
47,38,0.26213049843100217,47,10000,38,10000,3623,2397.5,1225.5,6020.5
45,19,0.2605213988665606,45,10000,19,10000,2163.5,2318.5,155,4482
47,27,0.25978969361762677,47,10000,27,10000,3623,2401.5,1221.5,6024.5
44,33,0.25976378933078537,44,10000,33,10000,3429,2186,1243,5615
47,40,0.25845741891082014,47,10000,40,10000,3623,1563,2060,5186
38,36,0.25761816849548386,38,10000,36,10000,2397.5,2064.5,333,4462
45,6,0.2535980100044378,45,10000,6,10000,2163.5,1185,978.5,3348.5
4,1,0.2531312132696153,4,10000,1,10000,1145.5,1517,371.5,2662.5
48,1,0.2523829243821284,48,10000,1,10000,1715.5,1517,198.5,3232.5
22,6,0.25210074702032653,22,10000,6,10000,1363,1185,178,2548
42,28,0.2520767617136422,42,10000,28,10000,3053.5,1027,2026.5,4080.5
33,5,0.2516378002908272,33,10000,5,10000,2186,1363.5,822.5,3549.5
31,24,0.25086212817855125,31,10000,24,10000,1815.5,1786,29.5,3601.5
44,39,0.25044922945700404,44,10000,39,10000,3429,2384.5,1044.5,5813.5
25,2,0.24930815868756348,25,10000,2,10000,1374,2509.5,1135.5,3883.5
40,31,0.24828642374171256,40,10000,31,10000,1563,1815.5,252.5,3378.5
39,1,0.246565444704509,39,10000,1,10000,2384.5,1517,867.5,3901.5
20,8,0.24498622525702393,20,10000,8,10000,1503,1030.5,472.5,2533.5
37,3,0.24446760851291538,37,10000,3,10000,3364,1435,1929,4799
22,13,0.24145279023023095,22,10000,13,10000,1363,1809.5,446.5,3172.5
46,19,0.24085293778701383,46,10000,19,10000,2187,2318.5,131.5,4505.5
20,19,0.24050935237855153,20,10000,19,10000,1503,2318.5,815.5,3821.5
44,24,0.23830816720614026,44,10000,24,10000,3429,1786,1643,5215
22,16,0.2367753278395016,22,10000,16,10000,1363,1916,553,3279
22,17,0.2360328593684186,22,10000,17,10000,1363,1197.5,165.5,2560.5
44,40,0.23357798724002976,44,10000,40,10000,3429,1563,1866,4992
26,2,0.2324580182121752,26,10000,2,10000,1224.5,2509.5,1285,3734
34,32,0.23131282126436323,34,10000,32,10000,2624,2673.5,49.5,5297.5
28,6,0.22935649253195484,28,10000,6,10000,1027,1185,158,2212
31,4,0.228880454927064,31,10000,4,10000,1815.5,1145.5,670,2961
29,22,0.22885624828914886,29,10000,22,10000,2358,1363,995,3721
22,19,0.22794938206563803,22,10000,19,10000,1363,2318.5,955.5,3681.5
42,19,0.22608492535364996,42,10000,19,10000,3053.5,2318.5,735,5372
20,18,0.2247009841907292,20,10000,18,10000,1503,2409,906,3912
39,30,0.22426427902440044,39,10000,30,10000,2384.5,1624,760.5,4008.5
43,34,0.2233942531661614,43,10000,34,10000,2869,2624,245,5493
39,14,0.22308891610892387,39,10000,14,10000,2384.5,1483.5,901,3868
36,18,0.22218662207441237,36,10000,18,10000,2064.5,2409,344.5,4473.5
22,4,0.2220050277509951,22,10000,4,10000,1363,1145.5,217.5,2508.5
34,1,0.2215369697375082,34,10000,1,10000,2624,1517,1107,4141
46,28,0.21937056305257058,46,10000,28,10000,2187,1027,1160,3214
41,29,0.2187182158730252,41,10000,29,10000,3801.5,2358,1443.5,6159.5
39,13,0.21344130513942988,39,10000,13,10000,2384.5,1809.5,575,4194
6,3,0.21284415272273877,6,10000,3,10000,1185,1435,250,2620
41,24,0.21050878051022248,41,10000,24,10000,3801.5,1786,2015.5,5587.5
45,31,0.20969974547771147,45,10000,31,10000,2163.5,1815.5,348,3979
45,3,0.20961980822251988,45,10000,3,10000,2163.5,1435,728.5,3598.5
39,16,0.20616078706493132,39,10000,16,10000,2384.5,1916,468.5,4300.5
34,4,0.2059900209150819,34,10000,4,10000,2624,1145.5,1478.5,3769.5
4,3,0.20469788402716094,4,10000,3,10000,1145.5,1435,289.5,2580.5
16,1,0.20407896773653827,16,10000,1,10000,1916,1517,399,3433
23,2,0.20346882591211957,23,10000,2,10000,1077.5,2509.5,1432,3587
33,3,0.20179159287368945,33,10000,3,10000,2186,1435,751,3621
39,10,0.20064329818783708,39,10000,10,10000,2384.5,1981,403.5,4365.5
47,45,0.19984163326223786,47,10000,45,10000,3623,2163.5,1459.5,5786.5
44,38,0.1985242188434651,44,10000,38,10000,3429,2397.5,1031.5,5826.5
32,24,0.1974382128642813,32,10000,24,10000,2673.5,1786,887.5,4459.5
13,8,0.1959491854562508,13,10000,8,10000,1809.5,1030.5,779,2840
46,22,0.19280211584109244,46,10000,22,10000,2187,1363,824,3550
43,32,0.19233798757171422,43,10000,32,10000,2869,2673.5,195.5,5542.5
39,33,0.19129176276247886,39,10000,33,10000,2384.5,2186,198.5,4570.5
48,41,0.1861143957028581,48,10000,41,10000,1715.5,3801.5,2086,5517
30,8,0.185231766635124,30,10000,8,10000,1624,1030.5,593.5,2654.5
41,18,0.18395726317971273,41,10000,18,10000,3801.5,2409,1392.5,6210.5
48,39,0.1827770891523259,48,10000,39,10000,1715.5,2384.5,669,4100
43,33,0.18227061314537002,43,10000,33,10000,2869,2186,683,5055
31,1,0.1815509076835908,31,10000,1,10000,1815.5,1517,298.5,3332.5
13,4,0.18043719235838115,13,10000,4,10000,1809.5,1145.5,664,2955
47,29,0.1787308498811174,47,10000,29,10000,3623,2358,1265,5981
33,4,0.1775448894107376,33,10000,4,10000,2186,1145.5,1040.5,3331.5
47,28,0.17431555439952212,47,10000,28,10000,3623,1027,2596,4650
32,6,0.17423790882886742,32,10000,6,10000,2673.5,1185,1488.5,3858.5
44,29,0.17364880928186519,44,10000,29,10000,3429,2358,1071,5787
20,4,0.1712246300484746,20,10000,4,10000,1503,1145.5,357.5,2648.5
32,23,0.171075265610578,32,10000,23,10000,2673.5,1077.5,1596,3751
20,14,0.17063512064213934,20,10000,14,10000,1503,1483.5,19.5,2986.5
34,2,0.1703970781915152,34,10000,2,10000,2624,2509.5,114.5,5133.5
44,27,0.16959217867148121,44,10000,27,10000,3429,2401.5,1027.5,5830.5
22,14,0.16827803830576768,22,10000,14,10000,1363,1483.5,120.5,2846.5
33,29,0.16588883061000365,33,10000,29,10000,2186,2358,172,4544
32,25,0.16252029729753517,32,10000,25,10000,2673.5,1374,1299.5,4047.5
18,17,0.15851415587100628,18,10000,17,10000,2409,1197.5,1211.5,3606.5
42,41,0.15744679456816513,42,10000,41,10000,3053.5,3801.5,748,6855
27,18,0.15718131096968313,27,10000,18,10000,2401.5,2409,7.5,4810.5
43,36,0.1548815522060644,43,10000,36,10000,2869,2064.5,804.5,4933.5
46,36,0.1544008210449374,46,10000,36,10000,2187,2064.5,122.5,4251.5
37,33,0.1537301796424104,37,10000,33,10000,3364,2186,1178,5550
48,40,0.15316546395153738,48,10000,40,10000,1715.5,1563,152.5,3278.5
33,18,0.152559390105033,33,10000,18,10000,2186,2409,223,4595
29,20,0.15245176245220604,29,10000,20,10000,2358,1503,855,3861
20,10,0.1522183451644414,20,10000,10,10000,1503,1981,478,3484
48,10,0.15213766037521528,48,10000,10,10000,1715.5,1981,265.5,3696.5
48,42,0.152064042795232,48,10000,42,10000,1715.5,3053.5,1338,4769
31,27,0.1504641789879648,31,10000,27,10000,1815.5,2401.5,586,4217
47,23,0.1494751751073084,47,10000,23,10000,3623,1077.5,2545.5,4700.5
20,13,0.14927647495134863,20,10000,13,10000,1503,1809.5,306.5,3312.5
28,8,0.1469135247917391,28,10000,8,10000,1027,1030.5,3.5,2057.5
19,5,0.14617225988746466,19,10000,5,10000,2318.5,1363.5,955,3682
42,29,0.14615717498335365,42,10000,29,10000,3053.5,2358,695.5,5411.5
22,10,0.1450956678033271,22,10000,10,10000,1363,1981,618,3344
19,18,0.1449266930930126,19,10000,18,10000,2318.5,2409,90.5,4727.5
41,40,0.14410742246790625,41,10000,40,10000,3801.5,1563,2238.5,5364.5
30,5,0.1430313305450124,30,10000,5,10000,1624,1363.5,260.5,2987.5
39,19,0.14136900949555611,39,10000,19,10000,2384.5,2318.5,66,4703
45,2,0.14110983763377516,45,10000,2,10000,2163.5,2509.5,346,4673
46,20,0.13943052611251927,46,10000,20,10000,2187,1503,684,3690
44,36,0.13917278375086692,44,10000,36,10000,3429,2064.5,1364.5,5493.5
41,39,0.13766314317906733,41,10000,39,10000,3801.5,2384.5,1417,6186
6,4,0.1376449372514302,6,10000,4,10000,1185,1145.5,39.5,2330.5
43,24,0.13641695686801683,43,10000,24,10000,2869,1786,1083,4655
19,4,0.1354982674207343,19,10000,4,10000,2318.5,1145.5,1173,3464
32,26,0.13370775434124677,32,10000,26,10000,2673.5,1224.5,1449,3898
37,2,0.13335175026121254,37,10000,2,10000,3364,2509.5,854.5,5873.5
44,32,0.13292968638362554,44,10000,32,10000,3429,2673.5,755.5,6102.5
41,2,0.13195431631386648,41,10000,2,10000,3801.5,2509.5,1292,6311
38,27,0.1308173767177799,38,10000,27,10000,2397.5,2401.5,4,4799
44,25,0.13017228639448117,44,10000,25,10000,3429,1374,2055,4803
39,27,0.12977553371868547,39,10000,27,10000,2384.5,2401.5,17,4786
39,17,0.12925457556453254,39,10000,17,10000,2384.5,1197.5,1187,3582
36,26,0.12879759700583474,36,10000,26,10000,2064.5,1224.5,840,3289
28,27,0.12826344631065695,28,10000,27,10000,1027,2401.5,1374.5,3428.5
48,36,0.12742956252902393,48,10000,36,10000,1715.5,2064.5,349,3780
46,38,0.1261438811818626,46,10000,38,10000,2187,2397.5,210.5,4584.5
24,6,0.12207016035041046,24,10000,6,10000,1786,1185,601,2971
20,16,0.12198967771278706,20,10000,16,10000,1503,1916,413,3419
38,28,0.12055550803806629,38,10000,28,10000,2397.5,1027,1370.5,3424.5
41,26,0.1198991731102068,41,10000,26,10000,3801.5,1224.5,2577,5026
47,36,0.11954165339442781,47,10000,36,10000,3623,2064.5,1558.5,5687.5
30,3,0.11836860277881645,30,10000,3,10000,1624,1435,189,3059
44,26,0.1147433629599658,44,10000,26,10000,3429,1224.5,2204.5,4653.5
27,2,0.11263288928623927,27,10000,2,10000,2401.5,2509.5,108,4911
33,14,0.11242061819709523,33,10000,14,10000,2186,1483.5,702.5,3669.5
8,3,0.11025582398057357,8,10000,3,10000,1030.5,1435,404.5,2465.5
36,2,0.10986313458221093,36,10000,2,10000,2064.5,2509.5,445,4574
32,31,0.10896401334456708,32,10000,31,10000,2673.5,1815.5,858,4489
10,3,0.10818762913850959,10,10000,3,10000,1981,1435,546,3416
47,34,0.10751762048441163,47,10000,34,10000,3623,2624,999,6247
40,38,0.10555146374110884,40,10000,38,10000,1563,2397.5,834.5,3960.5
38,37,0.1048228146475654,38,10000,37,10000,2397.5,3364,966.5,5761.5
46,2,0.10470723418533212,46,10000,2,10000,2187,2509.5,322.5,4696.5
41,16,0.10310869016671757,41,10000,16,10000,3801.5,1916,1885.5,5717.5
33,13,0.10240038455345124,33,10000,13,10000,2186,1809.5,376.5,3995.5
36,33,0.10154015850814932,36,10000,33,10000,2064.5,2186,121.5,4250.5
40,6,0.10128632679386221,40,10000,6,10000,1563,1185,378,2748
36,28,0.10073377766388865,36,10000,28,10000,2064.5,1027,1037.5,3091.5
38,29,0.10044050200128159,38,10000,29,10000,2397.5,2358,39.5,4755.5
42,39,0.10023411868735001,42,10000,39,10000,3053.5,2384.5,669,5438
43,25,0.09856524488438699,43,10000,25,10000,2869,1374,1495,4243
13,6,0.0979146362166938,13,10000,6,10000,1809.5,1185,624.5,2994.5
48,44,0.09703597391711916,48,10000,44,10000,1715.5,3429,1713.5,5144.5
41,32,0.09539737491911784,41,10000,32,10000,3801.5,2673.5,1128,6475
8,1,0.0934262206539546,8,10000,1,10000,1030.5,1517,486.5,2547.5
36,34,0.09236758797841604,36,10000,34,10000,2064.5,2624,559.5,4688.5
44,30,0.09227432595646146,44,10000,30,10000,3429,1624,1805,5053
8,6,0.08894718603590998,8,10000,6,10000,1030.5,1185,154.5,2215.5
42,34,0.08890413756755924,42,10000,34,10000,3053.5,2624,429.5,5677.5
42,38,0.08654663882917475,42,10000,38,10000,3053.5,2397.5,656,5451
47,46,0.08613204440886203,47,10000,46,10000,3623,2187,1436,5810
32,28,0.08587736296374178,32,10000,28,10000,2673.5,1027,1646.5,3700.5
36,10,0.08558614731440375,36,10000,10,10000,2064.5,1981,83.5,4045.5
36,25,0.08469431852197219,36,10000,25,10000,2064.5,1374,690.5,3438.5
40,32,0.0832937202821284,40,10000,32,10000,1563,2673.5,1110.5,4236.5
18,10,0.0830038722580976,18,10000,10,10000,2409,1981,428,4390
46,33,0.08081984480429052,46,10000,33,10000,2187,2186,1,4373
43,26,0.07997167500187395,43,10000,26,10000,2869,1224.5,1644.5,4093.5
48,28,0.07853068738955547,48,10000,28,10000,1715.5,1027,688.5,2742.5
42,3,0.0766764792988272,42,10000,3,10000,3053.5,1435,1618.5,4488.5
23,18,0.07586698434325481,23,10000,18,10000,1077.5,2409,1331.5,3486.5
48,4,0.07416027115811069,48,10000,4,10000,1715.5,1145.5,570,2861
46,44,0.07288555874927517,46,10000,44,10000,2187,3429,1242,5616
16,3,0.07145458703751269,16,10000,3,10000,1916,1435,481,3351
39,37,0.06944895570335068,39,10000,37,10000,2384.5,3364,979.5,5748.5
36,29,0.06869713740864605,36,10000,29,10000,2064.5,2358,293.5,4422.5
45,44,0.06834703983566026,45,10000,44,10000,2163.5,3429,1265.5,5592.5
33,22,0.06826146872430552,33,10000,22,10000,2186,1363,823,3549
38,33,0.06571066526773252,38,10000,33,10000,2397.5,2186,211.5,4583.5
41,13,0.06518886218175295,41,10000,13,10000,3801.5,1809.5,1992,5611
42,2,0.0647295550664127,42,10000,2,10000,3053.5,2509.5,544,5563
40,2,0.06290500923868667,40,10000,2,10000,1563,2509.5,946.5,4072.5
19,13,0.06254623196212672,19,10000,13,10000,2318.5,1809.5,509,4128
14,6,0.061164045246973345,14,10000,6,10000,1483.5,1185,298.5,2668.5
47,32,0.06059640613375233,47,10000,32,10000,3623,2673.5,949.5,6296.5
42,30,0.06018529685589805,42,10000,30,10000,3053.5,1624,1429.5,4677.5
23,20,0.05799425421816324,23,10000,20,10000,1077.5,1503,425.5,2580.5
32,27,0.05796776128306141,32,10000,27,10000,2673.5,2401.5,272,5075
27,6,0.05612184970303998,27,10000,6,10000,2401.5,1185,1216.5,3586.5
40,36,0.054730605718966444,40,10000,36,10000,1563,2064.5,501.5,3627.5
29,25,0.05443726206219193,29,10000,25,10000,2358,1374,984,3732
18,4,0.051107916070440004,18,10000,4,10000,2409,1145.5,1263.5,3554.5
29,24,0.050745592748341874,29,10000,24,10000,2358,1786,572,4144
36,30,0.04987220518578015,36,10000,30,10000,2064.5,1624,440.5,3688.5
29,23,0.049472988764398346,29,10000,23,10000,2358,1077.5,1280.5,3435.5
41,30,0.0489196769017617,41,10000,30,10000,3801.5,1624,2177.5,5425.5
36,23,0.04882320186662957,36,10000,23,10000,2064.5,1077.5,987,3142
44,31,0.048457639663175664,44,10000,31,10000,3429,1815.5,1613.5,5244.5
43,42,0.04819814684891725,43,10000,42,10000,2869,3053.5,184.5,5922.5
23,19,0.04692646958942761,23,10000,19,10000,1077.5,2318.5,1241,3396
46,41,0.046299693172392235,46,10000,41,10000,2187,3801.5,1614.5,5988.5
32,2,0.04568153111437738,32,10000,2,10000,2673.5,2509.5,164,5183
42,31,0.04538940522763353,42,10000,31,10000,3053.5,1815.5,1238,4869
43,2,0.045002995511083575,43,10000,2,10000,2869,2509.5,359.5,5378.5
41,25,0.04432544138514917,41,10000,25,10000,3801.5,1374,2427.5,5175.5
31,2,0.0440400518293982,31,10000,2,10000,1815.5,2509.5,694,4325
16,5,0.04228538205816427,16,10000,5,10000,1916,1363.5,552.5,3279.5
10,2,0.04223012128820973,10,10000,2,10000,1981,2509.5,528.5,4490.5
38,22,0.04169126126751976,38,10000,22,10000,2397.5,1363,1034.5,3760.5
33,2,0.04124847374597409,33,10000,2,10000,2186,2509.5,323.5,4695.5
32,22,0.04003354427874781,32,10000,22,10000,2673.5,1363,1310.5,4036.5
5,2,0.03977315441270343,5,10000,2,10000,1363.5,2509.5,1146,3873
37,20,0.03911946457109304,37,10000,20,10000,3364,1503,1861,4867
46,40,0.03617977906347506,46,10000,40,10000,2187,1563,624,3750
29,26,0.03437981796420946,29,10000,26,10000,2358,1224.5,1133.5,3582.5
30,4,0.03400005345538862,30,10000,4,10000,1624,1145.5,478.5,2769.5
37,22,0.03357084926333885,37,10000,22,10000,3364,1363,2001,4727
2,1,0.032506080729866035,2,10000,1,10000,2509.5,1517,992.5,4026.5
8,4,0.031765803755476246,8,10000,4,10000,1030.5,1145.5,115,2176
37,24,0.031124575134626745,37,10000,24,10000,3364,1786,1578,5150
30,17,0.030478624199092075,30,10000,17,10000,1624,1197.5,426.5,2821.5
18,3,0.029484738510326767,18,10000,3,10000,2409,1435,974,3844
13,3,0.027125129777607622,13,10000,3,10000,1809.5,1435,374.5,3244.5
31,10,0.02634179617539415,31,10000,10,10000,1815.5,1981,165.5,3796.5
37,36,0.025540467473953957,37,10000,36,10000,3364,2064.5,1299.5,5428.5
46,6,0.02445474188796748,46,10000,6,10000,2187,1185,1002,3372
13,1,0.024326218163523775,13,10000,1,10000,1809.5,1517,292.5,3326.5
36,3,0.02384640661206668,36,10000,3,10000,2064.5,1435,629.5,3499.5
47,18,0.02272406264635445,47,10000,18,10000,3623,2409,1214,6032
46,24,0.020658840292299755,46,10000,24,10000,2187,1786,401,3973
3,1,0.02003902302773699,3,10000,1,10000,1435,1517,82,2952
34,23,0.01941960694132425,34,10000,23,10000,2624,1077.5,1546.5,3701.5
36,1,0.01907607578510094,36,10000,1,10000,2064.5,1517,547.5,3581.5
43,10,0.019040194800465628,43,10000,10,10000,2869,1981,888,4850
16,4,0.017590001728918152,16,10000,4,10000,1916,1145.5,770.5,3061.5
32,20,0.016595842732659013,32,10000,20,10000,2673.5,1503,1170.5,4176.5
39,32,0.016330342942402615,39,10000,32,10000,2384.5,2673.5,289,5058
33,17,0.01564336097366601,33,10000,17,10000,2186,1197.5,988.5,3383.5
43,19,0.01474666427425374,43,10000,19,10000,2869,2318.5,550.5,5187.5
47,39,0.013720863123799274,47,10000,39,10000,3623,2384.5,1238.5,6007.5
31,28,0.013112980642119718,31,10000,28,10000,1815.5,1027,788.5,2842.5
44,10,0.009794881467476185,44,10000,10,10000,3429,1981,1448,5410
46,43,0.009322484673560411,46,10000,43,10000,2187,2869,682,5056
41,28,0.007622195214746518,41,10000,28,10000,3801.5,1027,2774.5,4828.5
42,33,0.006301912655857608,42,10000,33,10000,3053.5,2186,867.5,5239.5
46,30,0.005170967007003231,46,10000,30,10000,2187,1624,563,3811
25,18,0.003701986108417822,25,10000,18,10000,1374,2409,1035,3783
28,2,0.002976135191039074,28,10000,2,10000,1027,2509.5,1482.5,3536.5
34,25,4.226594348575623e-4,34,10000,25,10000,2624,1374,1250,3998
6,5,-2.976464769726108e-5,6,10000,5,10000,1185,1363.5,178.5,2548.5
30,22,-4.597790771977929e-4,30,10000,22,10000,1624,1363,261,2987
17,3,-0.0029337030350683065,17,10000,3,10000,1197.5,1435,237.5,2632.5
29,27,-0.003610239445054752,29,10000,27,10000,2358,2401.5,43.5,4759.5
37,27,-0.0043333079685773995,37,10000,27,10000,3364,2401.5,962.5,5765.5
19,17,-0.006128646143204156,19,10000,17,10000,2318.5,1197.5,1121,3516
44,18,-0.006877447679159886,44,10000,18,10000,3429,2409,1020,5838
43,23,-0.006878482005644449,43,10000,23,10000,2869,1077.5,1791.5,3946.5
45,20,-0.008151674229525126,45,10000,20,10000,2163.5,1503,660.5,3666.5
36,24,-0.008287535367446716,36,10000,24,10000,2064.5,1786,278.5,3850.5
28,3,-0.00879508048806851,28,10000,3,10000,1027,1435,408,2462
42,16,-0.011178106369670853,42,10000,16,10000,3053.5,1916,1137.5,4969.5
43,30,-0.012134850859006173,43,10000,30,10000,2869,1624,1245,4493
45,22,-0.013332174341931242,45,10000,22,10000,2163.5,1363,800.5,3526.5
27,13,-0.013580680984355026,27,10000,13,10000,2401.5,1809.5,592,4211
20,1,-0.014165824630606977,20,10000,1,10000,1503,1517,14,3020
39,4,-0.014228227169660488,39,10000,4,10000,2384.5,1145.5,1239,3530
45,27,-0.01506232170279592,45,10000,27,10000,2163.5,2401.5,238,4565
34,3,-0.016306339257425324,34,10000,3,10000,2624,1435,1189,4059
48,17,-0.01631061784836834,48,10000,17,10000,1715.5,1197.5,518,2913
46,26,-0.017017130097088676,46,10000,26,10000,2187,1224.5,962.5,3411.5
43,17,-0.017388321334767694,43,10000,17,10000,2869,1197.5,1671.5,4066.5
43,13,-0.017404094677992726,43,10000,13,10000,2869,1809.5,1059.5,4678.5
26,18,-0.0183732862994448,26,10000,18,10000,1224.5,2409,1184.5,3633.5
45,34,-0.019243052692493157,45,10000,34,10000,2163.5,2624,460.5,4787.5
41,33,-0.020931617315732873,41,10000,33,10000,3801.5,2186,1615.5,5987.5
29,4,-0.021481645934684646,29,10000,4,10000,2358,1145.5,1212.5,3503.5
18,8,-0.021569204037746086,18,10000,8,10000,2409,1030.5,1378.5,3439.5
32,13,-0.02230571526418891,32,10000,13,10000,2673.5,1809.5,864,4483
34,27,-0.02338812048271922,34,10000,27,10000,2624,2401.5,222.5,5025.5
33,20,-0.024795699204502242,33,10000,20,10000,2186,1503,683,3689
44,16,-0.024908297608196024,44,10000,16,10000,3429,1916,1513,5345
43,16,-0.026512601930844204,43,10000,16,10000,2869,1916,953,4785
42,24,-0.028247683746815636,42,10000,24,10000,3053.5,1786,1267.5,4839.5
47,33,-0.028604927822092594,47,10000,33,10000,3623,2186,1437,5809
32,18,-0.029295571105945974,32,10000,18,10000,2673.5,2409,264.5,5082.5
22,1,-0.032052586456802035,22,10000,1,10000,1363,1517,154,2880
37,10,-0.03296076511145273,37,10000,10,10000,3364,1981,1383,5345
38,18,-0.033483528911823754,38,10000,18,10000,2397.5,2409,11.5,4806.5
46,25,-0.033820905607582046,46,10000,25,10000,2187,1374,813,3561
48,43,-0.03822256665246262,48,10000,43,10000,1715.5,2869,1153.5,4584.5
44,5,-0.040505651538405914,44,10000,5,10000,3429,1363.5,2065.5,4792.5
41,8,-0.040552736344137155,41,10000,8,10000,3801.5,1030.5,2771,4832
45,41,-0.040607829854958574,45,10000,41,10000,2163.5,3801.5,1638,5965
46,23,-0.0407269021492978,46,10000,23,10000,2187,1077.5,1109.5,3264.5
43,31,-0.04159049858991439,43,10000,31,10000,2869,1815.5,1053.5,4684.5
45,43,-0.041652994317421234,45,10000,43,10000,2163.5,2869,705.5,5032.5
18,6,-0.042132314471337515,18,10000,6,10000,2409,1185,1224,3594
39,24,-0.042362942823972335,39,10000,24,10000,2384.5,1786,598.5,4170.5
48,46,-0.04250014312095696,48,10000,46,10000,1715.5,2187,471.5,3902.5
33,8,-0.04450034032619153,33,10000,8,10000,2186,1030.5,1155.5,3216.5
18,1,-0.04510197889521173,18,10000,1,10000,2409,1517,892,3926
38,20,-0.04645222633938304,38,10000,20,10000,2397.5,1503,894.5,3900.5
33,19,-0.04679272438115517,33,10000,19,10000,2186,2318.5,132.5,4504.5
13,5,-0.04733639147678991,13,10000,5,10000,1809.5,1363.5,446,3173
48,3,-0.04766576072184576,48,10000,3,10000,1715.5,1435,280.5,3150.5
36,22,-0.04776917571176911,36,10000,22,10000,2064.5,1363,701.5,3427.5
19,1,-0.04810211726788932,19,10000,1,10000,2318.5,1517,801.5,3835.5
18,16,-0.04898996363853859,18,10000,16,10000,2409,1916,493,4325
31,17,-0.04987687763668563,31,10000,17,10000,1815.5,1197.5,618,3013
30,2,-0.05258360737588389,30,10000,2,10000,1624,2509.5,885.5,4133.5
44,28,-0.052606026089441,44,10000,28,10000,3429,1027,2402,4456
39,38,-0.05497508837040838,39,10000,38,10000,2384.5,2397.5,13,4782
36,20,-0.055228380154193374,36,10000,20,10000,2064.5,1503,561.5,3567.5
39,2,-0.05580501289922828,39,10000,2,10000,2384.5,2509.5,125,4894
36,8,-0.056344731176130536,36,10000,8,10000,2064.5,1030.5,1034,3095
27,14,-0.056716755578090396,27,10000,14,10000,2401.5,1483.5,918,3885
29,2,-0.0577303979275765,29,10000,2,10000,2358,2509.5,151.5,4867.5
26,8,-0.058046987409223844,26,10000,8,10000,1224.5,1030.5,194,2255
44,23,-0.058395797504477244,44,10000,23,10000,3429,1077.5,2351.5,4506.5
36,14,-0.059787931833906405,36,10000,14,10000,2064.5,1483.5,581,3548
43,40,-0.060186738947831823,43,10000,40,10000,2869,1563,1306,4432
10,6,-0.06045354511072956,10,10000,6,10000,1981,1185,796,3166
48,5,-0.06573025769154121,48,10000,5,10000,1715.5,1363.5,352,3079
33,32,-0.06624725869774867,33,10000,32,10000,2186,2673.5,487.5,4859.5
37,25,-0.06665330220279395,37,10000,25,10000,3364,1374,1990,4738
24,18,-0.06774053943979581,24,10000,18,10000,1786,2409,623,4195
34,30,-0.06827858756204626,34,10000,30,10000,2624,1624,1000,4248
28,22,-0.06846916191300959,28,10000,22,10000,1027,1363,336,2390
37,23,-0.0687703047368324,37,10000,23,10000,3364,1077.5,2286.5,4441.5
37,13,-0.06933714366180557,37,10000,13,10000,3364,1809.5,1554.5,5173.5
42,13,-0.06942499472991076,42,10000,13,10000,3053.5,1809.5,1244,4863
18,2,-0.0699399734786065,18,10000,2,10000,2409,2509.5,100.5,4918.5
19,2,-0.07065126138135558,19,10000,2,10000,2318.5,2509.5,191,4828
36,17,-0.07210133534442381,36,10000,17,10000,2064.5,1197.5,867,3262
36,6,-0.07244299502965984,36,10000,6,10000,2064.5,1185,879.5,3249.5
46,34,-0.07306479409487851,46,10000,34,10000,2187,2624,437,4811
36,32,-0.07437606892709882,36,10000,32,10000,2064.5,2673.5,609,4738
29,10,-0.07467928631449836,29,10000,10,10000,2358,1981,377,4339
18,5,-0.07603639246194872,18,10000,5,10000,2409,1363.5,1045.5,3772.5
45,36,-0.07731156642005103,45,10000,36,10000,2163.5,2064.5,99,4228
36,13,-0.07732551671384254,36,10000,13,10000,2064.5,1809.5,255,3874
6,1,-0.07928283636534394,6,10000,1,10000,1185,1517,332,2702
23,17,-0.07972239238768893,23,10000,17,10000,1077.5,1197.5,120,2275
42,6,-0.07987913529662952,42,10000,6,10000,3053.5,1185,1868.5,4238.5
27,8,-0.08134882311424732,27,10000,8,10000,2401.5,1030.5,1371,3432
48,27,-0.08150024772833263,48,10000,27,10000,1715.5,2401.5,686,4117
42,25,-0.08406429654498533,42,10000,25,10000,3053.5,1374,1679.5,4427.5
38,17,-0.08493400501470524,38,10000,17,10000,2397.5,1197.5,1200,3595
38,3,-0.08533082051358634,38,10000,3,10000,2397.5,1435,962.5,3832.5
48,47,-0.08575781095832692,48,10000,47,10000,1715.5,3623,1907.5,5338.5
41,14,-0.085930325279689,41,10000,14,10000,3801.5,1483.5,2318,5285
42,26,-0.0866272415027681,42,10000,26,10000,3053.5,1224.5,1829,4278
42,22,-0.08994281161227792,42,10000,22,10000,3053.5,1363,1690.5,4416.5
39,18,-0.09006575745289974,39,10000,18,10000,2384.5,2409,24.5,4793.5
42,23,-0.09016141676964898,42,10000,23,10000,3053.5,1077.5,1976,4131
42,20,-0.0907257282119485,42,10000,20,10000,3053.5,1503,1550.5,4556.5
29,6,-0.09143722273621753,29,10000,6,10000,2358,1185,1173,3543
24,5,-0.092788670855684,24,10000,5,10000,1786,1363.5,422.5,3149.5
44,1,-0.09329321395797484,44,10000,1,10000,3429,1517,1912,4946
27,17,-0.0941996862047302,27,10000,17,10000,2401.5,1197.5,1204,3599
31,18,-0.09576693551756574,31,10000,18,10000,1815.5,2409,593.5,4224.5
20,5,-0.09647332717694582,20,10000,5,10000,1503,1363.5,139.5,2866.5
41,23,-0.09698835564250877,41,10000,23,10000,3801.5,1077.5,2724,4879
41,34,-0.09895654525280004,41,10000,34,10000,3801.5,2624,1177.5,6425.5
25,19,-0.101002019404531,25,10000,19,10000,1374,2318.5,944.5,3692.5
37,26,-0.10149416858392968,37,10000,26,10000,3364,1224.5,2139.5,4588.5
36,31,-0.10152209898783315,36,10000,31,10000,2064.5,1815.5,249,3880
16,2,-0.10163884583615443,16,10000,2,10000,1916,2509.5,593.5,4425.5
25,20,-0.1020542617259594,25,10000,20,10000,1374,1503,129,2877
33,31,-0.10321908474636744,33,10000,31,10000,2186,1815.5,370.5,4001.5
40,30,-0.10578035577113777,40,10000,30,10000,1563,1624,61,3187
34,20,-0.10689676520590276,34,10000,20,10000,2624,1503,1121,4127
40,14,-0.10772112183492513,40,10000,14,10000,1563,1483.5,79.5,3046.5
48,22,-0.10775289825428445,48,10000,22,10000,1715.5,1363,352.5,3078.5
26,20,-0.10798424996943237,26,10000,20,10000,1224.5,1503,278.5,2727.5
30,20,-0.10805212704803047,30,10000,20,10000,1624,1503,121,3127
36,16,-0.10935040480315382,36,10000,16,10000,2064.5,1916,148.5,3980.5
28,20,-0.1095605748226871,28,10000,20,10000,1027,1503,476,2530
34,26,-0.11022187025663262,34,10000,26,10000,2624,1224.5,1399.5,3848.5
47,16,-0.11263390263649593,47,10000,16,10000,3623,1916,1707,5539
47,31,-0.11384537219859672,47,10000,31,10000,3623,1815.5,1807.5,5438.5
46,18,-0.11436338026995457,46,10000,18,10000,2187,2409,222,4596
47,30,-0.1145279532799763,47,10000,30,10000,3623,1624,1999,5247
27,5,-0.11541403965705009,27,10000,5,10000,2401.5,1363.5,1038,3765
8,5,-0.11701336629458417,8,10000,5,10000,1030.5,1363.5,333,2394
24,19,-0.11776256978292131,24,10000,19,10000,1786,2318.5,532.5,4104.5
34,24,-0.11795329249352565,34,10000,24,10000,2624,1786,838,4410
18,13,-0.12011115587128829,18,10000,13,10000,2409,1809.5,599.5,4218.5
30,28,-0.12013785591028796,30,10000,28,10000,1624,1027,597,2651
3,2,-0.12099839818451572,3,10000,2,10000,1435,2509.5,1074.5,3944.5
37,6,-0.12510100450327818,37,10000,6,10000,3364,1185,2179,4549
43,5,-0.12728639940779576,43,10000,5,10000,2869,1363.5,1505.5,4232.5
23,8,-0.1313832697314833,23,10000,8,10000,1077.5,1030.5,47,2108
38,32,-0.13144659664382416,38,10000,32,10000,2397.5,2673.5,276,5071
39,8,-0.13295733199032578,39,10000,8,10000,2384.5,1030.5,1354,3415
46,10,-0.13326022594179235,46,10000,10,10000,2187,1981,206,4168
48,20,-0.1335596349234957,48,10000,20,10000,1715.5,1503,212.5,3218.5
27,19,-0.13460920356575024,27,10000,19,10000,2401.5,2318.5,83,4720
27,1,-0.1356324101029242,27,10000,1,10000,2401.5,1517,884.5,3918.5
32,10,-0.1375980791800813,32,10000,10,10000,2673.5,1981,692.5,4654.5
37,31,-0.13825353853152728,37,10000,31,10000,3364,1815.5,1548.5,5179.5
39,29,-0.13829517976665484,39,10000,29,10000,2384.5,2358,26.5,4742.5
46,8,-0.1406329894568194,46,10000,8,10000,2187,1030.5,1156.5,3217.5
25,5,-0.1420047575139159,25,10000,5,10000,1374,1363.5,10.5,2737.5
34,6,-0.14241775744876986,34,10000,6,10000,2624,1185,1439,3809
40,8,-0.14277718953551652,40,10000,8,10000,1563,1030.5,532.5,2593.5
27,10,-0.14429869769294298,27,10000,10,10000,2401.5,1981,420.5,4382.5
42,4,-0.14662086024852977,42,10000,4,10000,3053.5,1145.5,1908,4199
37,30,-0.14749925994844196,37,10000,30,10000,3364,1624,1740,4988
43,20,-0.14802100809518184,43,10000,20,10000,2869,1503,1366,4372
18,14,-0.1481505016243594,18,10000,14,10000,2409,1483.5,925.5,3892.5
23,5,-0.14822304438946315,23,10000,5,10000,1077.5,1363.5,286,2441
40,37,-0.1500242585450097,40,10000,37,10000,1563,3364,1801,4927
36,19,-0.15057569963887757,36,10000,19,10000,2064.5,2318.5,254,4383
39,6,-0.15210279877319346,39,10000,6,10000,2384.5,1185,1199.5,3569.5
38,24,-0.1523896677527895,38,10000,24,10000,2397.5,1786,611.5,4183.5
24,20,-0.1528934298699219,24,10000,20,10000,1786,1503,283,3289
14,3,-0.15326620927248344,14,10000,3,10000,1483.5,1435,48.5,2918.5
29,13,-0.155916840428793,29,10000,13,10000,2358,1809.5,548.5,4167.5
25,8,-0.15751040052263993,25,10000,8,10000,1374,1030.5,343.5,2404.5
45,38,-0.15884368674216473,45,10000,38,10000,2163.5,2397.5,234,4561
40,4,-0.15962908961305908,40,10000,4,10000,1563,1145.5,417.5,2708.5
29,28,-0.15991988101294516,29,10000,28,10000,2358,1027,1331,3385
40,29,-0.16013668248847246,40,10000,29,10000,1563,2358,795,3921
40,39,-0.16099633198402621,40,10000,39,10000,1563,2384.5,821.5,3947.5
23,4,-0.16136175433547048,23,10000,4,10000,1077.5,1145.5,68,2223
44,19,-0.16408078898735673,44,10000,19,10000,3429,2318.5,1110.5,5747.5
10,8,-0.16409277054328644,10,10000,8,10000,1981,1030.5,950.5,3011.5
31,29,-0.16499803630115342,31,10000,29,10000,1815.5,2358,542.5,4173.5
38,26,-0.1666122221570796,38,10000,26,10000,2397.5,1224.5,1173,3622
23,22,-0.16692912040293612,23,10000,22,10000,1077.5,1363,285.5,2440.5
47,8,-0.16802132475031648,47,10000,8,10000,3623,1030.5,2592.5,4653.5
46,27,-0.17080386305396422,46,10000,27,10000,2187,2401.5,214.5,4588.5
5,3,-0.17225620858409188,5,10000,3,10000,1363.5,1435,71.5,2798.5
32,4,-0.17277152589519332,32,10000,4,10000,2673.5,1145.5,1528,3819
24,8,-0.17278341572464082,24,10000,8,10000,1786,1030.5,755.5,2816.5
41,20,-0.17725464031179625,41,10000,20,10000,3801.5,1503,2298.5,5304.5
39,25,-0.17889071127300113,39,10000,25,10000,2384.5,1374,1010.5,3758.5
41,10,-0.1790040807730251,41,10000,10,10000,3801.5,1981,1820.5,5782.5
24,17,-0.17943996746116184,24,10000,17,10000,1786,1197.5,588.5,2983.5
25,17,-0.18166539392462905,25,10000,17,10000,1374,1197.5,176.5,2571.5
26,19,-0.1820478352359664,26,10000,19,10000,1224.5,2318.5,1094,3543
38,10,-0.18533958062347167,38,10000,10,10000,2397.5,1981,416.5,4378.5
38,2,-0.18691365378687222,38,10000,2,10000,2397.5,2509.5,112,4907
37,16,-0.1884573613126448,37,10000,16,10000,3364,1916,1448,5280
31,14,-0.18929399994044227,31,10000,14,10000,1815.5,1483.5,332,3299
43,14,-0.1906468427265914,43,10000,14,10000,2869,1483.5,1385.5,4352.5
40,13,-0.1910495318201936,40,10000,13,10000,1563,1809.5,246.5,3372.5
37,28,-0.19441926168166854,37,10000,28,10000,3364,1027,2337,4391
30,29,-0.19459589278625097,30,10000,29,10000,1624,2358,734,3982
46,31,-0.19489546891148368,46,10000,31,10000,2187,1815.5,371.5,4002.5
34,17,-0.19670335115864598,34,10000,17,10000,2624,1197.5,1426.5,3821.5
31,3,-0.19692414454438403,31,10000,3,10000,1815.5,1435,380.5,3250.5
42,27,-0.1969503864311582,42,10000,27,10000,3053.5,2401.5,652,5455
46,1,-0.1979190861225576,46,10000,1,10000,2187,1517,670,3704
28,14,-0.19814918920823252,28,10000,14,10000,1027,1483.5,456.5,2510.5
42,10,-0.1986082513355868,42,10000,10,10000,3053.5,1981,1072.5,5034.5
31,20,-0.20259483142600784,31,10000,20,10000,1815.5,1503,312.5,3318.5
36,4,-0.20404251765128423,36,10000,4,10000,2064.5,1145.5,919,3210
23,3,-0.20418697450228962,23,10000,3,10000,1077.5,1435,357.5,2512.5
28,13,-0.2042860523131616,28,10000,13,10000,1027,1809.5,782.5,2836.5
26,17,-0.20506932966711164,26,10000,17,10000,1224.5,1197.5,27,2422
34,16,-0.20553392849382326,34,10000,16,10000,2624,1916,708,4540
19,14,-0.20752843468292193,19,10000,14,10000,2318.5,1483.5,835,3802
27,20,-0.2080688832126215,27,10000,20,10000,2401.5,1503,898.5,3904.5
30,27,-0.20837596782710532,30,10000,27,10000,1624,2401.5,777.5,4025.5
26,5,-0.2084704790476241,26,10000,5,10000,1224.5,1363.5,139,2588
45,18,-0.21179289280180671,45,10000,18,10000,2163.5,2409,245.5,4572.5
40,5,-0.213094317315264,40,10000,5,10000,1563,1363.5,199.5,2926.5
46,4,-0.2158316031208687,46,10000,4,10000,2187,1145.5,1041.5,3332.5
40,34,-0.21700828567223923,40,10000,34,10000,1563,2624,1061,4187
48,2,-0.21763748642056924,48,10000,2,10000,1715.5,2509.5,794,4225
39,20,-0.21789913376477882,39,10000,20,10000,2384.5,1503,881.5,3887.5
46,39,-0.21894175730757434,46,10000,39,10000,2187,2384.5,197.5,4571.5
47,5,-0.21927365293166798,47,10000,5,10000,3623,1363.5,2259.5,4986.5
46,13,-0.21973305363927562,46,10000,13,10000,2187,1809.5,377.5,3996.5
34,22,-0.22014847991409003,34,10000,22,10000,2624,1363,1261,3987
39,23,-0.220732905575438,39,10000,23,10000,2384.5,1077.5,1307,3462
48,34,-0.22164086340514993,48,10000,34,10000,1715.5,2624,908.5,4339.5
48,37,-0.22225160092006344,48,10000,37,10000,1715.5,3364,1648.5,5079.5
40,20,-0.22366600444221338,40,10000,20,10000,1563,1503,60,3066
43,8,-0.22616087264550191,43,10000,8,10000,2869,1030.5,1838.5,3899.5
42,1,-0.2279657373531523,42,10000,1,10000,3053.5,1517,1536.5,4570.5
45,4,-0.23049657080550648,45,10000,4,10000,2163.5,1145.5,1018,3309
37,4,-0.23271886075473833,37,10000,4,10000,3364,1145.5,2218.5,4509.5
42,14,-0.23331677911819232,42,10000,14,10000,3053.5,1483.5,1570,4537
36,5,-0.2351826086467088,36,10000,5,10000,2064.5,1363.5,701,3428
39,26,-0.23767249698650372,39,10000,26,10000,2384.5,1224.5,1160,3609
25,4,-0.24089299661245647,25,10000,4,10000,1374,1145.5,228.5,2519.5
44,3,-0.24118262564377874,44,10000,3,10000,3429,1435,1994,4864
8,2,-0.24176235322481512,8,10000,2,10000,1030.5,2509.5,1479,3540
42,5,-0.241799010236245,42,10000,5,10000,3053.5,1363.5,1690,4417
38,4,-0.2437152415423821,38,10000,4,10000,2397.5,1145.5,1252,3543
41,17,-0.2443882873926925,41,10000,17,10000,3801.5,1197.5,2604,4999
43,4,-0.2454466655448225,43,10000,4,10000,2869,1145.5,1723.5,4014.5
16,6,-0.24686076940625729,16,10000,6,10000,1916,1185,731,3101
20,2,-0.24782350060717326,20,10000,2,10000,1503,2509.5,1006.5,4012.5
28,4,-0.24981364168170578,28,10000,4,10000,1027,1145.5,118.5,2172.5
43,3,-0.25053099773925264,43,10000,3,10000,2869,1435,1434,4304
46,16,-0.25274418374287694,46,10000,16,10000,2187,1916,271,4103
43,22,-0.25416122097142,43,10000,22,10000,2869,1363,1506,4232
19,16,-0.2583032376454721,19,10000,16,10000,2318.5,1916,402.5,4234.5
48,45,-0.25941734685001067,48,10000,45,10000,1715.5,2163.5,448,3879
23,10,-0.2597502191989008,23,10000,10,10000,1077.5,1981,903.5,3058.5
6,2,-0.26059769655498377,6,10000,2,10000,1185,2509.5,1324.5,3694.5
38,25,-0.26120141410341446,38,10000,25,10000,2397.5,1374,1023.5,3771.5
29,16,-0.26266345785925477,29,10000,16,10000,2358,1916,442,4274
42,8,-0.2654718006945255,42,10000,8,10000,3053.5,1030.5,2023,4084
22,5,-0.26562087292001396,22,10000,5,10000,1363,1363.5,0.5,2726.5
43,1,-0.2662572778432521,43,10000,1,10000,2869,1517,1352,4386
41,1,-0.26886408730983985,41,10000,1,10000,3801.5,1517,2284.5,5318.5
38,1,-0.2691213234094864,38,10000,1,10000,2397.5,1517,880.5,3914.5
17,2,-0.26924834980587337,17,10000,2,10000,1197.5,2509.5,1312,3707
32,30,-0.27050490125925586,32,10000,30,10000,2673.5,1624,1049.5,4297.5
27,16,-0.27201323199600025,27,10000,16,10000,2401.5,1916,485.5,4317.5
22,2,-0.2759443513641072,22,10000,2,10000,1363,2509.5,1146.5,3872.5
34,14,-0.27609049476171005,34,10000,14,10000,2624,1483.5,1140.5,4107.5
40,19,-0.27754521177871766,40,10000,19,10000,1563,2318.5,755.5,3881.5
34,13,-0.2796180751664764,34,10000,13,10000,2624,1809.5,814.5,4433.5
47,19,-0.28285559699716034,47,10000,19,10000,3623,2318.5,1304.5,5941.5
28,1,-0.28321963323740806,28,10000,1,10000,1027,1517,490,2544
47,1,-0.28604304360960325,47,10000,1,10000,3623,1517,2106,5140
41,22,-0.2862310034187153,41,10000,22,10000,3801.5,1363,2438.5,5164.5
29,8,-0.28705653682140786,29,10000,8,10000,2358,1030.5,1327.5,3388.5
28,16,-0.2873972448343101,28,10000,16,10000,1027,1916,889,2943
29,17,-0.28743511597219873,29,10000,17,10000,2358,1197.5,1160.5,3555.5
44,4,-0.2876120179351388,44,10000,4,10000,3429,1145.5,2283.5,4574.5
44,13,-0.2887508908599742,44,10000,13,10000,3429,1809.5,1619.5,5238.5
25,3,-0.28879599075353896,25,10000,3,10000,1374,1435,61,2809
39,3,-0.2903375370683472,39,10000,3,10000,2384.5,1435,949.5,3819.5
41,19,-0.29396869165544476,41,10000,19,10000,3801.5,2318.5,1483,6120
47,10,-0.2959244873678544,47,10000,10,10000,3623,1981,1642,5604
48,31,-0.2959577723581283,48,10000,31,10000,1715.5,1815.5,100,3531
40,1,-0.2991762627849783,40,10000,1,10000,1563,1517,46,3080
26,4,-0.3007024845925957,26,10000,4,10000,1224.5,1145.5,79,2370
31,30,-0.3034243175721776,31,10000,30,10000,1815.5,1624,191.5,3439.5
39,36,-0.3054675075535666,39,10000,36,10000,2384.5,2064.5,320,4449
48,29,-0.30640915154657217,48,10000,29,10000,1715.5,2358,642.5,4073.5
44,14,-0.30717282215221314,44,10000,14,10000,3429,1483.5,1945.5,4912.5
33,27,-0.3085657134370514,33,10000,27,10000,2186,2401.5,215.5,4587.5
48,6,-0.3106137180369818,48,10000,6,10000,1715.5,1185,530.5,2900.5
44,20,-0.31334756087605564,44,10000,20,10000,3429,1503,1926,4932
42,36,-0.3140105309051807,42,10000,36,10000,3053.5,2064.5,989,5118
30,19,-0.3145425768782886,30,10000,19,10000,1624,2318.5,694.5,3942.5
43,6,-0.3160528550700804,43,10000,6,10000,2869,1185,1684,4054
41,6,-0.3169972211818723,41,10000,6,10000,3801.5,1185,2616.5,4986.5
47,20,-0.3200382592847623,47,10000,20,10000,3623,1503,2120,5126
42,18,-0.32155272239357174,42,10000,18,10000,3053.5,2409,644.5,5462.5
46,5,-0.32385128227749066,46,10000,5,10000,2187,1363.5,823.5,3550.5
43,28,-0.3248229480641908,43,10000,28,10000,2869,1027,1842,3896
26,3,-0.32635396220604457,26,10000,3,10000,1224.5,1435,210.5,2659.5
45,8,-0.32652319948848085,45,10000,8,10000,2163.5,1030.5,1133,3194
48,32,-0.32938124731250323,48,10000,32,10000,1715.5,2673.5,958,4389
28,19,-0.3295745856889239,28,10000,19,10000,1027,2318.5,1291.5,3345.5
26,22,-0.3304165916679924,26,10000,22,10000,1224.5,1363,138.5,2587.5
31,13,-0.3318042641715593,31,10000,13,10000,1815.5,1809.5,6,3625
45,33,-0.3340823166502516,45,10000,33,10000,2163.5,2186,22.5,4349.5
38,23,-0.334171552145487,38,10000,23,10000,2397.5,1077.5,1320,3475
30,18,-0.3362807217796215,30,10000,18,10000,1624,2409,785,4033
44,8,-0.3373839187098806,44,10000,8,10000,3429,1030.5,2398.5,4459.5
40,10,-0.3391427285193236,40,10000,10,10000,1563,1981,418,3544
40,17,-0.3399222522304567,40,10000,17,10000,1563,1197.5,365.5,2760.5
37,5,-0.34046757145471496,37,10000,5,10000,3364,1363.5,2000.5,4727.5
25,22,-0.34485556182243204,25,10000,22,10000,1374,1363,11,2737
37,1,-0.34613967406977153,37,10000,1,10000,3364,1517,1847,4881
40,33,-0.34847414358099243,40,10000,33,10000,1563,2186,623,3749
45,39,-0.3491384723236635,45,10000,39,10000,2163.5,2384.5,221,4548
46,17,-0.34983800791697217,46,10000,17,10000,2187,1197.5,989.5,3384.5
32,5,-0.3504238699113238,32,10000,5,10000,2673.5,1363.5,1310,4037
28,17,-0.35433273132315324,28,10000,17,10000,1027,1197.5,170.5,2224.5
32,16,-0.35439102860752525,32,10000,16,10000,2673.5,1916,757.5,4589.5
45,13,-0.35491400522477606,45,10000,13,10000,2163.5,1809.5,354,3973
40,16,-0.35937547447655754,40,10000,16,10000,1563,1916,353,3479
38,6,-0.36210853563270834,38,10000,6,10000,2397.5,1185,1212.5,3582.5
41,5,-0.3621681231785906,41,10000,5,10000,3801.5,1363.5,2438,5165
23,1,-0.36535357838249566,23,10000,1,10000,1077.5,1517,439.5,2594.5
47,3,-0.366899726508951,47,10000,3,10000,3623,1435,2188,5058
25,1,-0.3671116192322093,25,10000,1,10000,1374,1517,143,2891
41,3,-0.36921006942569184,41,10000,3,10000,3801.5,1435,2366.5,5236.5
25,10,-0.3694916856900798,25,10000,10,10000,1374,1981,607,3355
40,3,-0.3709288262346713,40,10000,3,10000,1563,1435,128,2998
24,3,-0.377631774866254,24,10000,3,10000,1786,1435,351,3221
29,1,-0.37775546009920563,29,10000,1,10000,2358,1517,841,3875
27,22,-0.378906198937992,27,10000,22,10000,2401.5,1363,1038.5,3764.5
29,5,-0.3791510113970478,29,10000,5,10000,2358,1363.5,994.5,3721.5
24,1,-0.38324373864911787,24,10000,1,10000,1786,1517,269,3303
4,2,-0.390382662703375,4,10000,2,10000,1145.5,2509.5,1364,3655
26,1,-0.39448797287990583,26,10000,1,10000,1224.5,1517,292.5,2741.5
30,6,-0.3947237150928536,30,10000,6,10000,1624,1185,439,2809
47,22,-0.3950506077918284,47,10000,22,10000,3623,1363,2260,4986
24,22,-0.39527706957274744,24,10000,22,10000,1786,1363,423,3149
23,14,-0.3953302891725313,23,10000,14,10000,1077.5,1483.5,406,2561
45,30,-0.3953749952383902,45,10000,30,10000,2163.5,1624,539.5,3787.5
37,17,-0.39594687385696314,37,10000,17,10000,3364,1197.5,2166.5,4561.5
44,6,-0.39718113147610423,44,10000,6,10000,3429,1185,2244,4614
48,18,-0.4012081549883748,48,10000,18,10000,1715.5,2409,693.5,4124.5
32,1,-0.4015907013871391,32,10000,1,10000,2673.5,1517,1156.5,4190.5
23,13,-0.40229149545890497,23,10000,13,10000,1077.5,1809.5,732,2887
40,22,-0.4049082964072672,40,10000,22,10000,1563,1363,200,2926
45,10,-0.40526673411677283,45,10000,10,10000,2163.5,1981,182.5,4144.5
41,31,-0.4055514239003235,41,10000,31,10000,3801.5,1815.5,1986,5617
47,6,-0.4080754919676108,47,10000,6,10000,3623,1185,2438,4808
48,19,-0.410303291339771,48,10000,19,10000,1715.5,2318.5,603,4034
24,10,-0.4110860430338647,24,10000,10,10000,1786,1981,195,3767
28,18,-0.4117167071288369,28,10000,18,10000,1027,2409,1382,3436
46,14,-0.4126171074910707,46,10000,14,10000,2187,1483.5,703.5,3670.5
48,26,-0.4132395614873437,48,10000,26,10000,1715.5,1224.5,491,2940
33,28,-0.4133077520952044,33,10000,28,10000,2186,1027,1159,3213
34,28,-0.4186545481302733,34,10000,28,10000,2624,1027,1597,3651
31,8,-0.42150986173364646,31,10000,8,10000,1815.5,1030.5,785,2846
27,4,-0.42377302814273776,27,10000,4,10000,2401.5,1145.5,1256,3547
44,17,-0.4255758019533793,44,10000,17,10000,3429,1197.5,2231.5,4626.5
24,4,-0.4288095408400344,24,10000,4,10000,1786,1145.5,640.5,2931.5
29,14,-0.43071121689972247,29,10000,14,10000,2358,1483.5,874.5,3841.5
45,5,-0.43107386562760874,45,10000,5,10000,2163.5,1363.5,800,3527
47,13,-0.4345809511536256,47,10000,13,10000,3623,1809.5,1813.5,5432.5
33,6,-0.4354836401422919,33,10000,6,10000,2186,1185,1001,3371
32,8,-0.43567757421065023,32,10000,8,10000,2673.5,1030.5,1643,3704
33,24,-0.4358553927646135,33,10000,24,10000,2186,1786,400,3972
28,5,-0.43842465308908696,28,10000,5,10000,1027,1363.5,336.5,2390.5
33,25,-0.43874155625625316,33,10000,25,10000,2186,1374,812,3560
26,14,-0.4509310789634013,26,10000,14,10000,1224.5,1483.5,259,2708
25,14,-0.45122032283816477,25,10000,14,10000,1374,1483.5,109.5,2857.5
44,22,-0.4532014278629339,44,10000,22,10000,3429,1363,2066,4792
39,28,-0.4532995753939907,39,10000,28,10000,2384.5,1027,1357.5,3411.5
47,17,-0.4564409054924396,47,10000,17,10000,3623,1197.5,2425.5,4820.5
47,14,-0.4564705059969136,47,10000,14,10000,3623,1483.5,2139.5,5106.5
38,34,-0.4568146173118033,38,10000,34,10000,2397.5,2624,226.5,5021.5
32,17,-0.45732007407320696,32,10000,17,10000,2673.5,1197.5,1476,3871
26,10,-0.4575904773511396,26,10000,10,10000,1224.5,1981,756.5,3205.5
48,25,-0.45862686737757735,48,10000,25,10000,1715.5,1374,341.5,3089.5
33,23,-0.45930899328532565,33,10000,23,10000,2186,1077.5,1108.5,3263.5
39,22,-0.4690501076746455,39,10000,22,10000,2384.5,1363,1021.5,3747.5
14,2,-0.47035270749631103,14,10000,2,10000,1483.5,2509.5,1026,3993
38,5,-0.47557513337980867,38,10000,5,10000,2397.5,1363.5,1034,3761
13,2,-0.47622525906569274,13,10000,2,10000,1809.5,2509.5,700,4319
38,19,-0.4781130348246368,38,10000,19,10000,2397.5,2318.5,79,4716
24,13,-0.4830782887468168,24,10000,13,10000,1786,1809.5,23.5,3595.5
19,8,-0.483442835278586,19,10000,8,10000,2318.5,1030.5,1288,3349
45,1,-0.48465295899855315,45,10000,1,10000,2163.5,1517,646.5,3680.5
24,14,-0.484899154385343,24,10000,14,10000,1786,1483.5,302.5,3269.5
48,24,-0.4865654876019567,48,10000,24,10000,1715.5,1786,70.5,3501.5
33,26,-0.4877236490437417,33,10000,26,10000,2186,1224.5,961.5,3410.5
31,22,-0.48908537602081176,31,10000,22,10000,1815.5,1363,452.5,3178.5
37,8,-0.48912999290499004,37,10000,8,10000,3364,1030.5,2333.5,4394.5
32,14,-0.4897932816977061,32,10000,14,10000,2673.5,1483.5,1190,4157
26,13,-0.4904955229268584,26,10000,13,10000,1224.5,1809.5,585,3034
37,14,-0.4919355449142375,37,10000,14,10000,3364,1483.5,1880.5,4847.5
40,18,-0.4979988436288769,40,10000,18,10000,1563,2409,846,3972
24,16,-0.5011462636726222,24,10000,16,10000,1786,1916,130,3702
25,13,-0.5067152476417915,25,10000,13,10000,1374,1809.5,435.5,3183.5
45,17,-0.5072092817614462,45,10000,17,10000,2163.5,1197.5,966,3361
31,16,-0.5073439137854573,31,10000,16,10000,1815.5,1916,100.5,3731.5
23,16,-0.5122307032493623,23,10000,16,10000,1077.5,1916,838.5,2993.5
47,4,-0.5162093978977416,47,10000,4,10000,3623,1145.5,2477.5,4768.5
48,23,-0.5170689019563323,48,10000,23,10000,1715.5,1077.5,638,2793
27,3,-0.5176486284767646,27,10000,3,10000,2401.5,1435,966.5,3836.5
28,10,-0.5194977210632117,28,10000,10,10000,1027,1981,954,3008
42,17,-0.5198418670155689,42,10000,17,10000,3053.5,1197.5,1856,4251
45,16,-0.5204949544865539,45,10000,16,10000,2163.5,1916,247.5,4079.5
30,24,-0.5246403374388864,30,10000,24,10000,1624,1786,162,3410
34,8,-0.5484033837096691,34,10000,8,10000,2624,1030.5,1593.5,3654.5
45,14,-0.5610372233180725,45,10000,14,10000,2163.5,1483.5,680,3647
26,16,-0.5610947508254398,26,10000,16,10000,1224.5,1916,691.5,3140.5
41,4,-0.5613461684959937,41,10000,4,10000,3801.5,1145.5,2656,4947
30,26,-0.562152833674484,30,10000,26,10000,1624,1224.5,399.5,2848.5
25,16,-0.5652259422161577,25,10000,16,10000,1374,1916,542,3290
30,25,-0.5739876962711765,30,10000,25,10000,1624,1374,250,2998
30,23,-0.6036909836791727,30,10000,23,10000,1624,1077.5,546.5,2701.5
38,31,-0.7137335555436569,38,10000,31,10000,2397.5,1815.5,582,4213
