id1,id2,correlation,Metadata_compound_ID1,Metadata_line_condition1,Metadata_plating_density1,Metadata_compound_ID2,Metadata_line_condition2,Metadata_plating_density2,Count_Cells1,Count_Cells2,cell_count_abs_diff,cell_count_sum
16,13,0.9896954722229417,BRD-K21680192-300-14-4,deletion,10000,BRD-K21680192-300-14-4,deletion,2500,251,354,103,605
12,9,0.9661383887290198,BRD-K21680192-300-14-4,control,10000,BRD-K21680192-300-14-4,control,2500,740,184.5,555.5,924.5
12,11,0.9633970169672604,BRD-K21680192-300-14-4,control,10000,BRD-K21680192-300-14-4,control,7500,740,297,443,1037
14,9,0.9599729368050799,BRD-K21680192-300-14-4,deletion,5000,BRD-K21680192-300-14-4,control,2500,476,184.5,291.5,660.5
15,14,0.9586612099258682,BRD-K21680192-300-14-4,deletion,7500,BRD-K21680192-300-14-4,deletion,5000,489,476,13,965
16,14,0.9530755801958022,BRD-K21680192-300-14-4,deletion,10000,BRD-K21680192-300-14-4,deletion,5000,251,476,225,727
14,13,0.952819252560748,BRD-K21680192-300-14-4,deletion,5000,BRD-K21680192-300-14-4,deletion,2500,476,354,122,830
10,9,0.9508600720684643,BRD-K21680192-300-14-4,control,5000,BRD-K21680192-300-14-4,control,2500,261,184.5,76.5,445.5
14,12,0.9492792790021488,BRD-K21680192-300-14-4,deletion,5000,BRD-K21680192-300-14-4,control,10000,476,740,264,1216
12,10,0.9459260437063118,BRD-K21680192-300-14-4,control,10000,BRD-K21680192-300-14-4,control,5000,740,261,479,1001
11,9,0.9412427300066758,BRD-K21680192-300-14-4,control,7500,BRD-K21680192-300-14-4,control,2500,297,184.5,112.5,481.5
15,9,0.9309819487291434,BRD-K21680192-300-14-4,deletion,7500,BRD-K21680192-300-14-4,control,2500,489,184.5,304.5,673.5
13,9,0.92993498266766506,BRD-K21680192-300-14-4,deletion,2500,BRD-K21680192-300-14-4,control,2500,354,184.5,169.5,538.5
16,9,0.9255175911150108,BRD-K21680192-300-14-4,deletion,10000,BRD-K21680192-300-14-4,control,2500,251,184.5,66.5,435.5
14,10,0.9245283153429216,BRD-K21680192-300-14-4,deletion,5000,BRD-K21680192-300-14-4,control,5000,476,261,215,737
11,10,0.920911952775597,BRD-K21680192-300-14-4,control,7500,BRD-K21680192-300-14-4,control,5000,297,261,36,558
16,15,0.9206169865605003,BRD-K21680192-300-14-4,deletion,10000,BRD-K21680192-300-14-4,deletion,7500,251,489,238,740
15,13,0.9189052513197269,BRD-K21680192-300-14-4,deletion,7500,BRD-K21680192-300-14-4,deletion,2500,489,354,135,843
15,12,0.918182893153066,BRD-K21680192-300-14-4,deletion,7500,BRD-K21680192-300-14-4,control,10000,489,740,251,1229
14,11,0.9002578933293754,BRD-K21680192-300-14-4,deletion,5000,BRD-K21680192-300-14-4,control,7500,476,297,179,773
15,11,0.8945655878386864,BRD-K21680192-300-14-4,deletion,7500,BRD-K21680192-300-14-4,control,7500,489,297,192,786
16,12,0.8884263856516375,BRD-K21680192-300-14-4,deletion,10000,BRD-K21680192-300-14-4,control,10000,251,740,489,991
13,12,0.8875415776244284,BRD-K21680192-300-14-4,deletion,2500,BRD-K21680192-300-14-4,control,10000,354,740,386,1094
13,10,0.8781711438764482,BRD-K21680192-300-14-4,deletion,2500,BRD-K21680192-300-14-4,control,5000,354,261,93,615
15,10,0.8669090824872192,BRD-K21680192-300-14-4,deletion,7500,BRD-K21680192-300-14-4,control,5000,489,261,228,750
16,10,0.8615177209655713,BRD-K21680192-300-14-4,deletion,10000,BRD-K21680192-300-14-4,control,5000,251,261,10,512
32,31,0.8414096470104346,BRD-K79131256-001-17-9,deletion,10000,BRD-K79131256-001-17-9,deletion,7500,888,1032,144,1920
32,8,0.8238804719300654,BRD-K79131256-001-17-9,deletion,10000,BRD-K15108141-003-04-7,deletion,10000,888,1054,166,1942
13,11,0.8236126969609981,BRD-K21680192-300-14-4,deletion,2500,BRD-K21680192-300-14-4,control,7500,354,297,57,651
16,11,0.8177736886656125,BRD-K21680192-300-14-4,deletion,10000,BRD-K21680192-300-14-4,control,7500,251,297,46,548
24,23,0.7892655237657545,BRD-K36207157-001-09-6,deletion,10000,BRD-K36207157-001-09-6,deletion,7500,951.5,767,184.5,1718.5
16,2,0.7858945749957664,BRD-K21680192-300-14-4,deletion,10000,BRD-K15108141-003-04-7,control,5000,251,252,1,503
13,2,0.776886166037284,BRD-K21680192-300-14-4,deletion,2500,BRD-K15108141-003-04-7,control,5000,354,252,102,606
25,1,0.75174639748435,BRD-K79131256-001-17-9,control,2500,BRD-K15108141-003-04-7,control,2500,163,158.5,4.5,321.5
18,17,0.7440411865246119,BRD-K36207157-001-09-6,control,5000,BRD-K36207157-001-09-6,control,2500,222.5,138,84.5,360.5
18,2,0.7380800492602656,BRD-K36207157-001-09-6,control,5000,BRD-K15108141-003-04-7,control,5000,222.5,252,29.5,474.5
31,8,0.7166898159018507,BRD-K79131256-001-17-9,deletion,7500,BRD-K15108141-003-04-7,deletion,10000,1032,1054,22,2086
24,22,0.7009002144393403,BRD-K36207157-001-09-6,deletion,10000,BRD-K36207157-001-09-6,deletion,5000,951.5,791,160.5,1742.5
23,22,0.6896567435343485,BRD-K36207157-001-09-6,deletion,7500,BRD-K36207157-001-09-6,deletion,5000,767,791,24,1558
29,5,0.6703494638684532,BRD-K79131256-001-17-9,deletion,2500,BRD-K15108141-003-04-7,deletion,2500,398.5,423,24.5,821.5
14,2,0.6664719633077217,BRD-K21680192-300-14-4,deletion,5000,BRD-K15108141-003-04-7,control,5000,476,252,224,728
17,1,0.6592093306757029,BRD-K36207157-001-09-6,control,2500,BRD-K15108141-003-04-7,control,2500,138,158.5,20.5,296.5
15,2,0.6558055244732909,BRD-K21680192-300-14-4,deletion,7500,BRD-K15108141-003-04-7,control,5000,489,252,237,741
30,16,0.6523243025606215,BRD-K79131256-001-17-9,deletion,5000,BRD-K21680192-300-14-4,deletion,10000,769,251,518,1020
9,2,0.6514109244268483,BRD-K21680192-300-14-4,control,2500,BRD-K15108141-003-04-7,control,5000,184.5,252,67.5,436.5
20,19,0.6494186320920662,BRD-K36207157-001-09-6,control,10000,BRD-K36207157-001-09-6,control,7500,506.5,337,169.5,843.5
31,7,0.6380740985905244,BRD-K79131256-001-17-9,deletion,7500,BRD-K15108141-003-04-7,deletion,7500,1032,904,128,1936
31,24,0.6379948948723588,BRD-K79131256-001-17-9,deletion,7500,BRD-K36207157-001-09-6,deletion,10000,1032,951.5,80.5,1983.5
30,13,0.6379314832087558,BRD-K79131256-001-17-9,deletion,5000,BRD-K21680192-300-14-4,deletion,2500,769,354,415,1123
26,18,0.6375631201017092,BRD-K79131256-001-17-9,control,5000,BRD-K36207157-001-09-6,control,5000,274.5,222.5,52,497
26,2,0.6358020033134268,BRD-K79131256-001-17-9,control,5000,BRD-K15108141-003-04-7,control,5000,274.5,252,22.5,526.5
24,8,0.6336849756586285,BRD-K36207157-001-09-6,deletion,10000,BRD-K15108141-003-04-7,deletion,10000,951.5,1054,102.5,2005.5
8,7,0.6209415695760083,BRD-K15108141-003-04-7,deletion,10000,BRD-K15108141-003-04-7,deletion,7500,1054,904,150,1958
32,24,0.6190784634018702,BRD-K79131256-001-17-9,deletion,10000,BRD-K36207157-001-09-6,deletion,10000,888,951.5,63.5,1839.5
20,4,0.616450526811621,BRD-K36207157-001-09-6,control,10000,BRD-K15108141-003-04-7,control,10000,506.5,581,74.5,1087.5
32,7,0.6117015971198505,BRD-K79131256-001-17-9,deletion,10000,BRD-K15108141-003-04-7,deletion,7500,888,904,16,1792
24,7,0.6024088459458359,BRD-K36207157-001-09-6,deletion,10000,BRD-K15108141-003-04-7,deletion,7500,951.5,904,47.5,1855.5
31,23,0.5987474277072088,BRD-K79131256-001-17-9,deletion,7500,BRD-K36207157-001-09-6,deletion,7500,1032,767,265,1799
19,18,0.5986224502341446,BRD-K36207157-001-09-6,control,7500,BRD-K36207157-001-09-6,control,5000,337,222.5,114.5,559.5
7,6,0.5986070180967338,BRD-K15108141-003-04-7,deletion,7500,BRD-K15108141-003-04-7,deletion,5000,904,780,124,1684
23,7,0.5892378668924753,BRD-K36207157-001-09-6,deletion,7500,BRD-K15108141-003-04-7,deletion,7500,767,904,137,1671
30,15,0.5832785521631668,BRD-K79131256-001-17-9,deletion,5000,BRD-K21680192-300-14-4,deletion,7500,769,489,280,1258
30,14,0.575525372877072,BRD-K79131256-001-17-9,deletion,5000,BRD-K21680192-300-14-4,deletion,5000,769,476,293,1245
3,2,0.5725111238478197,BRD-K15108141-003-04-7,control,7500,BRD-K15108141-003-04-7,control,5000,354.5,252,102.5,606.5
22,6,0.571667737111288,BRD-K36207157-001-09-6,deletion,5000,BRD-K15108141-003-04-7,deletion,5000,791,780,11,1571
24,6,0.564898232523533,BRD-K36207157-001-09-6,deletion,10000,BRD-K15108141-003-04-7,deletion,5000,951.5,780,171.5,1731.5
30,7,0.5645925049442416,BRD-K79131256-001-17-9,deletion,5000,BRD-K15108141-003-04-7,deletion,7500,769,904,135,1673
12,2,0.558741547089428,BRD-K21680192-300-14-4,control,10000,BRD-K15108141-003-04-7,control,5000,740,252,488,992
19,17,0.5574296470936633,BRD-K36207157-001-09-6,control,7500,BRD-K36207157-001-09-6,control,2500,337,138,199,475
25,17,0.5488979207404318,BRD-K79131256-001-17-9,control,2500,BRD-K36207157-001-09-6,control,2500,163,138,25,301
30,6,0.5484484863487541,BRD-K79131256-001-17-9,deletion,5000,BRD-K15108141-003-04-7,deletion,5000,769,780,11,1549
26,25,0.5474326044086991,BRD-K79131256-001-17-9,control,5000,BRD-K79131256-001-17-9,control,2500,274.5,163,111.5,437.5
32,23,0.5458119978561383,BRD-K79131256-001-17-9,deletion,10000,BRD-K36207157-001-09-6,deletion,7500,888,767,121,1655
23,8,0.5439289515123072,BRD-K36207157-001-09-6,deletion,7500,BRD-K15108141-003-04-7,deletion,10000,767,1054,287,1821
23,6,0.5435673615358261,BRD-K36207157-001-09-6,deletion,7500,BRD-K15108141-003-04-7,deletion,5000,767,780,13,1547
10,2,0.5431607632816449,BRD-K21680192-300-14-4,control,5000,BRD-K15108141-003-04-7,control,5000,261,252,9,513
26,17,0.5345175356264267,BRD-K79131256-001-17-9,control,5000,BRD-K36207157-001-09-6,control,2500,274.5,138,136.5,412.5
28,4,0.5177634481533226,BRD-K79131256-001-17-9,control,10000,BRD-K15108141-003-04-7,control,10000,466.5,581,114.5,1047.5
21,18,0.5094037886523042,BRD-K36207157-001-09-6,deletion,2500,BRD-K36207157-001-09-6,control,5000,351.5,222.5,129,574
21,5,0.5091171099697833,BRD-K36207157-001-09-6,deletion,2500,BRD-K15108141-003-04-7,deletion,2500,351.5,423,71.5,774.5
31,6,0.5076531864480022,BRD-K79131256-001-17-9,deletion,7500,BRD-K15108141-003-04-7,deletion,5000,1032,780,252,1812
19,3,0.5067881524780026,BRD-K36207157-001-09-6,control,7500,BRD-K15108141-003-04-7,control,7500,337,354.5,17.5,691.5
18,3,0.5066411378042079,BRD-K36207157-001-09-6,control,5000,BRD-K15108141-003-04-7,control,7500,222.5,354.5,132,577
11,2,0.5039196957119115,BRD-K21680192-300-14-4,control,7500,BRD-K15108141-003-04-7,control,5000,297,252,45,549
8,6,0.5016373621339212,BRD-K15108141-003-04-7,deletion,10000,BRD-K15108141-003-04-7,deletion,5000,1054,780,274,1834
30,2,0.4986637833451008,BRD-K79131256-001-17-9,deletion,5000,BRD-K15108141-003-04-7,control,5000,769,252,517,1021
22,7,0.49704267923299283,BRD-K36207157-001-09-6,deletion,5000,BRD-K15108141-003-04-7,deletion,7500,791,904,113,1695
27,19,0.48637968836179724,BRD-K79131256-001-17-9,control,7500,BRD-K36207157-001-09-6,control,7500,275.5,337,61.5,612.5
18,1,0.4860533563549269,BRD-K36207157-001-09-6,control,5000,BRD-K15108141-003-04-7,control,2500,222.5,158.5,64,381
28,27,0.4854495104168789,BRD-K79131256-001-17-9,control,10000,BRD-K79131256-001-17-9,control,7500,466.5,275.5,191,742
19,4,0.48367714470621986,BRD-K36207157-001-09-6,control,7500,BRD-K15108141-003-04-7,control,10000,337,581,244,918
32,6,0.4793602175758708,BRD-K79131256-001-17-9,deletion,10000,BRD-K15108141-003-04-7,deletion,5000,888,780,108,1668
29,21,0.47581153073086885,BRD-K79131256-001-17-9,deletion,2500,BRD-K36207157-001-09-6,deletion,2500,398.5,351.5,47,750
30,9,0.4750043047895403,BRD-K79131256-001-17-9,deletion,5000,BRD-K21680192-300-14-4,control,2500,769,184.5,584.5,953.5
27,20,0.4735653438049061,BRD-K79131256-001-17-9,control,7500,BRD-K36207157-001-09-6,control,10000,275.5,506.5,231,782
4,3,0.4723936437576665,BRD-K15108141-003-04-7,control,10000,BRD-K15108141-003-04-7,control,7500,581,354.5,226.5,935.5
26,1,0.4686366232812407,BRD-K79131256-001-17-9,control,5000,BRD-K15108141-003-04-7,control,2500,274.5,158.5,116,433
19,2,0.4684976241675508,BRD-K36207157-001-09-6,control,7500,BRD-K15108141-003-04-7,control,5000,337,252,85,589
27,26,0.46233621269075087,BRD-K79131256-001-17-9,control,7500,BRD-K79131256-001-17-9,control,5000,275.5,274.5,1,550
17,2,0.45661791986933303,BRD-K36207157-001-09-6,control,2500,BRD-K15108141-003-04-7,control,5000,138,252,114,390
25,18,0.45420010658356785,BRD-K79131256-001-17-9,control,2500,BRD-K36207157-001-09-6,control,5000,163,222.5,59.5,385.5
30,12,0.4379031258896537,BRD-K79131256-001-17-9,deletion,5000,BRD-K21680192-300-14-4,control,10000,769,740,29,1509
21,17,0.4244202589835225,BRD-K36207157-001-09-6,deletion,2500,BRD-K36207157-001-09-6,control,2500,351.5,138,213.5,489.5
27,17,0.42243026440590004,BRD-K79131256-001-17-9,control,7500,BRD-K36207157-001-09-6,control,2500,275.5,138,137.5,413.5
27,18,0.4173020551629294,BRD-K79131256-001-17-9,control,7500,BRD-K36207157-001-09-6,control,5000,275.5,222.5,53,498
20,17,0.4168898959138698,BRD-K36207157-001-09-6,control,10000,BRD-K36207157-001-09-6,control,2500,506.5,138,368.5,644.5
18,13,0.41040157862227006,BRD-K36207157-001-09-6,control,5000,BRD-K21680192-300-14-4,deletion,2500,222.5,354,131.5,576.5
18,16,0.4084018427427173,BRD-K36207157-001-09-6,control,5000,BRD-K21680192-300-14-4,deletion,10000,222.5,251,28.5,473.5
30,10,0.40671447131093835,BRD-K79131256-001-17-9,deletion,5000,BRD-K21680192-300-14-4,control,5000,769,261,508,1030
22,21,0.4023462788094906,BRD-K36207157-001-09-6,deletion,5000,BRD-K36207157-001-09-6,deletion,2500,791,351.5,439.5,1142.5
28,20,0.3981380762819633,BRD-K79131256-001-17-9,control,10000,BRD-K36207157-001-09-6,control,10000,466.5,506.5,40,973
20,18,0.39792021070964906,BRD-K36207157-001-09-6,control,10000,BRD-K36207157-001-09-6,control,5000,506.5,222.5,284,729
27,3,0.39730378535577887,BRD-K79131256-001-17-9,control,7500,BRD-K15108141-003-04-7,control,7500,275.5,354.5,79,630
27,4,0.3935220928643831,BRD-K79131256-001-17-9,control,7500,BRD-K15108141-003-04-7,control,10000,275.5,581,305.5,856.5
17,3,0.39064524510888005,BRD-K36207157-001-09-6,control,2500,BRD-K15108141-003-04-7,control,7500,138,354.5,216.5,492.5
26,13,0.38727273884601315,BRD-K79131256-001-17-9,control,5000,BRD-K21680192-300-14-4,deletion,2500,274.5,354,79.5,628.5
31,22,0.38678122177799656,BRD-K79131256-001-17-9,deletion,7500,BRD-K36207157-001-09-6,deletion,5000,1032,791,241,1823
26,16,0.3795379920262916,BRD-K79131256-001-17-9,control,5000,BRD-K21680192-300-14-4,deletion,10000,274.5,251,23.5,525.5
30,22,0.3761120084582393,BRD-K79131256-001-17-9,deletion,5000,BRD-K36207157-001-09-6,deletion,5000,769,791,22,1560
16,3,0.3722953584445213,BRD-K21680192-300-14-4,deletion,10000,BRD-K15108141-003-04-7,control,7500,251,354.5,103.5,605.5
26,3,0.3707295663641315,BRD-K79131256-001-17-9,control,5000,BRD-K15108141-003-04-7,control,7500,274.5,354.5,80,629
19,9,0.3692172757838132,BRD-K36207157-001-09-6,control,7500,BRD-K21680192-300-14-4,control,2500,337,184.5,152.5,521.5
30,11,0.35749373396447937,BRD-K79131256-001-17-9,deletion,5000,BRD-K21680192-300-14-4,control,7500,769,297,472,1066
26,9,0.3528067584113044,BRD-K79131256-001-17-9,control,5000,BRD-K21680192-300-14-4,control,2500,274.5,184.5,90,459
13,3,0.3487754638502069,BRD-K21680192-300-14-4,deletion,2500,BRD-K15108141-003-04-7,control,7500,354,354.5,0.5,708.5
19,12,0.3486953590099481,BRD-K36207157-001-09-6,control,7500,BRD-K21680192-300-14-4,control,10000,337,740,403,1077
27,25,0.34760590236286354,BRD-K79131256-001-17-9,control,7500,BRD-K79131256-001-17-9,control,2500,275.5,163,112.5,438.5
19,11,0.34358139383618264,BRD-K36207157-001-09-6,control,7500,BRD-K21680192-300-14-4,control,7500,337,297,40,634
18,9,0.34155127338070435,BRD-K36207157-001-09-6,control,5000,BRD-K21680192-300-14-4,control,2500,222.5,184.5,38,407
19,16,0.33669873798278155,BRD-K36207157-001-09-6,control,7500,BRD-K21680192-300-14-4,deletion,10000,337,251,86,588
27,1,0.33022471864232933,BRD-K79131256-001-17-9,control,7500,BRD-K15108141-003-04-7,control,2500,275.5,158.5,117,434
28,26,0.32815114249152616,BRD-K79131256-001-17-9,control,10000,BRD-K79131256-001-17-9,control,5000,466.5,274.5,192,741
29,26,0.32613618261453453,BRD-K79131256-001-17-9,deletion,2500,BRD-K79131256-001-17-9,control,5000,398.5,274.5,124,673
26,15,0.3258909608068918,BRD-K79131256-001-17-9,control,5000,BRD-K21680192-300-14-4,deletion,7500,274.5,489,214.5,763.5
31,30,0.3255581448939462,BRD-K79131256-001-17-9,deletion,7500,BRD-K79131256-001-17-9,deletion,5000,1032,769,263,1801
26,19,0.3253050997309243,BRD-K79131256-001-17-9,control,5000,BRD-K36207157-001-09-6,control,7500,274.5,337,62.5,611.5
26,21,0.3236036187224136,BRD-K79131256-001-17-9,control,5000,BRD-K36207157-001-09-6,deletion,2500,274.5,351.5,77,626
26,14,0.32047813649969126,BRD-K79131256-001-17-9,control,5000,BRD-K21680192-300-14-4,deletion,5000,274.5,476,201.5,750.5
32,22,0.3178954258611101,BRD-K79131256-001-17-9,deletion,10000,BRD-K36207157-001-09-6,deletion,5000,888,791,97,1679
19,13,0.3173864865078724,BRD-K36207157-001-09-6,control,7500,BRD-K21680192-300-14-4,deletion,2500,337,354,17,691
19,10,0.3140416047848922,BRD-K36207157-001-09-6,control,7500,BRD-K21680192-300-14-4,control,5000,337,261,76,598
21,2,0.3109297502068839,BRD-K36207157-001-09-6,deletion,2500,BRD-K15108141-003-04-7,control,5000,351.5,252,99.5,603.5
19,1,0.3099664891222354,BRD-K36207157-001-09-6,control,7500,BRD-K15108141-003-04-7,control,2500,337,158.5,178.5,495.5
21,1,0.3098614305250753,BRD-K36207157-001-09-6,deletion,2500,BRD-K15108141-003-04-7,control,2500,351.5,158.5,193,510
28,3,0.30900631620590663,BRD-K79131256-001-17-9,control,10000,BRD-K15108141-003-04-7,control,7500,466.5,354.5,112,821
19,14,0.30881815766680754,BRD-K36207157-001-09-6,control,7500,BRD-K21680192-300-14-4,deletion,5000,337,476,139,813
27,2,0.3066556881774575,BRD-K79131256-001-17-9,control,7500,BRD-K15108141-003-04-7,control,5000,275.5,252,23.5,527.5
28,18,0.3049577206470542,BRD-K79131256-001-17-9,control,10000,BRD-K36207157-001-09-6,control,5000,466.5,222.5,244,689
20,3,0.30403749966403204,BRD-K36207157-001-09-6,control,10000,BRD-K15108141-003-04-7,control,7500,506.5,354.5,152,861
14,3,0.30225275915838073,BRD-K21680192-300-14-4,deletion,5000,BRD-K15108141-003-04-7,control,7500,476,354.5,121.5,830.5
18,14,0.29949963205842806,BRD-K36207157-001-09-6,control,5000,BRD-K21680192-300-14-4,deletion,5000,222.5,476,253.5,698.5
16,7,0.2980159374684,BRD-K21680192-300-14-4,deletion,10000,BRD-K15108141-003-04-7,deletion,7500,251,904,653,1155
25,5,0.28735861293859716,BRD-K79131256-001-17-9,control,2500,BRD-K15108141-003-04-7,deletion,2500,163,423,260,586
18,15,0.2859947124002009,BRD-K36207157-001-09-6,control,5000,BRD-K21680192-300-14-4,deletion,7500,222.5,489,266.5,711.5
26,5,0.2851141979830464,BRD-K79131256-001-17-9,control,5000,BRD-K15108141-003-04-7,deletion,2500,274.5,423,148.5,697.5
26,10,0.2844297037784631,BRD-K79131256-001-17-9,control,5000,BRD-K21680192-300-14-4,control,5000,274.5,261,13.5,535.5
2,1,0.279777026478343,BRD-K15108141-003-04-7,control,5000,BRD-K15108141-003-04-7,control,2500,252,158.5,93.5,410.5
9,3,0.2789694161139561,BRD-K21680192-300-14-4,control,2500,BRD-K15108141-003-04-7,control,7500,184.5,354.5,170,539
13,7,0.27719884726674454,BRD-K21680192-300-14-4,deletion,2500,BRD-K15108141-003-04-7,deletion,7500,354,904,550,1258
28,19,0.27545894293360723,BRD-K79131256-001-17-9,control,10000,BRD-K36207157-001-09-6,control,7500,466.5,337,129.5,803.5
22,4,0.2695331619700471,BRD-K36207157-001-09-6,deletion,5000,BRD-K15108141-003-04-7,control,10000,791,581,210,1372
24,4,0.2689967971524519,BRD-K36207157-001-09-6,deletion,10000,BRD-K15108141-003-04-7,control,10000,951.5,581,370.5,1532.5
22,8,0.2687567959281429,BRD-K36207157-001-09-6,deletion,5000,BRD-K15108141-003-04-7,deletion,10000,791,1054,263,1845
32,30,0.2632458640890255,BRD-K79131256-001-17-9,deletion,10000,BRD-K79131256-001-17-9,deletion,5000,888,769,119,1657
19,15,0.26102608925704224,BRD-K36207157-001-09-6,control,7500,BRD-K21680192-300-14-4,deletion,7500,337,489,152,826
26,11,0.2576195077696181,BRD-K79131256-001-17-9,control,5000,BRD-K21680192-300-14-4,control,7500,274.5,297,22.5,571.5
30,24,0.25445558951727865,BRD-K79131256-001-17-9,deletion,5000,BRD-K36207157-001-09-6,deletion,10000,769,951.5,182.5,1720.5
3,1,0.2535827100506818,BRD-K15108141-003-04-7,control,7500,BRD-K15108141-003-04-7,control,2500,354.5,158.5,196,513
14,7,0.25309256055447815,BRD-K21680192-300-14-4,deletion,5000,BRD-K15108141-003-04-7,deletion,7500,476,904,428,1380
25,2,0.2513972808745554,BRD-K79131256-001-17-9,control,2500,BRD-K15108141-003-04-7,control,5000,163,252,89,415
12,3,0.2500385375622232,BRD-K21680192-300-14-4,control,10000,BRD-K15108141-003-04-7,control,7500,740,354.5,385.5,1094.5
26,12,0.24784040121322856,BRD-K79131256-001-17-9,control,5000,BRD-K21680192-300-14-4,control,10000,274.5,740,465.5,1014.5
15,3,0.2478230319402226,BRD-K21680192-300-14-4,deletion,7500,BRD-K15108141-003-04-7,control,7500,489,354.5,134.5,843.5
29,6,0.2466398916087274,BRD-K79131256-001-17-9,deletion,2500,BRD-K15108141-003-04-7,deletion,5000,398.5,780,381.5,1178.5
18,10,0.24206024709734228,BRD-K36207157-001-09-6,control,5000,BRD-K21680192-300-14-4,control,5000,222.5,261,38.5,483.5
18,12,0.24162616164696135,BRD-K36207157-001-09-6,control,5000,BRD-K21680192-300-14-4,control,10000,222.5,740,517.5,962.5
30,29,0.2412972127750547,BRD-K79131256-001-17-9,deletion,5000,BRD-K79131256-001-17-9,deletion,2500,769,398.5,370.5,1167.5
5,1,0.24109687659715776,BRD-K15108141-003-04-7,deletion,2500,BRD-K15108141-003-04-7,control,2500,423,158.5,264.5,581.5
22,19,0.23764856876019008,BRD-K36207157-001-09-6,deletion,5000,BRD-K36207157-001-09-6,control,7500,791,337,454,1128
15,7,0.23762529194865664,BRD-K21680192-300-14-4,deletion,7500,BRD-K15108141-003-04-7,deletion,7500,489,904,415,1393
21,6,0.23707304336553395,BRD-K36207157-001-09-6,deletion,2500,BRD-K15108141-003-04-7,deletion,5000,351.5,780,428.5,1131.5
30,23,0.23139756861890978,BRD-K79131256-001-17-9,deletion,5000,BRD-K36207157-001-09-6,deletion,7500,769,767,2,1536
18,11,0.22406904493239552,BRD-K36207157-001-09-6,control,5000,BRD-K21680192-300-14-4,control,7500,222.5,297,74.5,519.5
10,3,0.22227036921372176,BRD-K21680192-300-14-4,control,5000,BRD-K15108141-003-04-7,control,7500,261,354.5,93.5,615.5
22,18,0.21987442815695965,BRD-K36207157-001-09-6,deletion,5000,BRD-K36207157-001-09-6,control,5000,791,222.5,568.5,1013.5
28,17,0.21975588713414737,BRD-K79131256-001-17-9,control,10000,BRD-K36207157-001-09-6,control,2500,466.5,138,328.5,604.5
25,21,0.2179403375834524,BRD-K79131256-001-17-9,control,2500,BRD-K36207157-001-09-6,deletion,2500,163,351.5,188.5,514.5
11,3,0.2113342561064362,BRD-K21680192-300-14-4,control,7500,BRD-K15108141-003-04-7,control,7500,297,354.5,57.5,651.5
25,19,0.20942078074765588,BRD-K79131256-001-17-9,control,2500,BRD-K36207157-001-09-6,control,7500,163,337,174,500
27,11,0.20925462635393585,BRD-K79131256-001-17-9,control,7500,BRD-K21680192-300-14-4,control,7500,275.5,297,21.5,572.5
27,9,0.20913958728230744,BRD-K79131256-001-17-9,control,7500,BRD-K21680192-300-14-4,control,2500,275.5,184.5,91,460
28,21,0.2064984475292061,BRD-K79131256-001-17-9,control,10000,BRD-K36207157-001-09-6,deletion,2500,466.5,351.5,115,818
12,7,0.20524224849281525,BRD-K21680192-300-14-4,control,10000,BRD-K15108141-003-04-7,deletion,7500,740,904,164,1644
21,3,0.20434412230086837,BRD-K36207157-001-09-6,deletion,2500,BRD-K15108141-003-04-7,control,7500,351.5,354.5,3,706
30,26,0.20186396310708718,BRD-K79131256-001-17-9,deletion,5000,BRD-K79131256-001-17-9,control,5000,769,274.5,494.5,1043.5
18,4,0.20091849102217468,BRD-K36207157-001-09-6,control,5000,BRD-K15108141-003-04-7,control,10000,222.5,581,358.5,803.5
23,4,0.19999271481152064,BRD-K36207157-001-09-6,deletion,7500,BRD-K15108141-003-04-7,control,10000,767,581,186,1348
22,3,0.19843320732167824,BRD-K36207157-001-09-6,deletion,5000,BRD-K15108141-003-04-7,control,7500,791,354.5,436.5,1145.5
27,12,0.19726281823892147,BRD-K79131256-001-17-9,control,7500,BRD-K21680192-300-14-4,control,10000,275.5,740,464.5,1015.5
20,1,0.19470844675136953,BRD-K36207157-001-09-6,control,10000,BRD-K15108141-003-04-7,control,2500,506.5,158.5,348,665
30,8,0.1941332957783839,BRD-K79131256-001-17-9,deletion,5000,BRD-K15108141-003-04-7,deletion,10000,769,1054,285,1823
30,3,0.18779312616990523,BRD-K79131256-001-17-9,deletion,5000,BRD-K15108141-003-04-7,control,7500,769,354.5,414.5,1123.5
29,25,0.18628779973132187,BRD-K79131256-001-17-9,deletion,2500,BRD-K79131256-001-17-9,control,2500,398.5,163,235.5,561.5
9,7,0.18515984664759266,BRD-K21680192-300-14-4,control,2500,BRD-K15108141-003-04-7,deletion,7500,184.5,904,719.5,1088.5
27,10,0.18514886788156557,BRD-K79131256-001-17-9,control,7500,BRD-K21680192-300-14-4,control,5000,275.5,261,14.5,536.5
23,21,0.1815810835853626,BRD-K36207157-001-09-6,deletion,7500,BRD-K36207157-001-09-6,deletion,2500,767,351.5,415.5,1118.5
21,20,0.18156361350879285,BRD-K36207157-001-09-6,deletion,2500,BRD-K36207157-001-09-6,control,10000,351.5,506.5,155,858
22,2,0.18010316631840048,BRD-K36207157-001-09-6,deletion,5000,BRD-K15108141-003-04-7,control,5000,791,252,539,1043
10,7,0.16862465542288388,BRD-K21680192-300-14-4,control,5000,BRD-K15108141-003-04-7,deletion,7500,261,904,643,1165
27,14,0.16610179882792733,BRD-K79131256-001-17-9,control,7500,BRD-K21680192-300-14-4,deletion,5000,275.5,476,200.5,751.5
22,20,0.16340564923114784,BRD-K36207157-001-09-6,deletion,5000,BRD-K36207157-001-09-6,control,10000,791,506.5,284.5,1297.5
28,22,0.15943236520798498,BRD-K79131256-001-17-9,control,10000,BRD-K36207157-001-09-6,deletion,5000,466.5,791,324.5,1257.5
5,2,0.15932386115802974,BRD-K15108141-003-04-7,deletion,2500,BRD-K15108141-003-04-7,control,5000,423,252,171,675
17,9,0.1568213749587916,BRD-K36207157-001-09-6,control,2500,BRD-K21680192-300-14-4,control,2500,138,184.5,46.5,322.5
17,5,0.15405301345857306,BRD-K36207157-001-09-6,control,2500,BRD-K15108141-003-04-7,deletion,2500,138,423,285,561
18,5,0.15325464319789317,BRD-K36207157-001-09-6,control,5000,BRD-K15108141-003-04-7,deletion,2500,222.5,423,200.5,645.5
11,7,0.15208564079606207,BRD-K21680192-300-14-4,control,7500,BRD-K15108141-003-04-7,deletion,7500,297,904,607,1201
17,4,0.15173163752432864,BRD-K36207157-001-09-6,control,2500,BRD-K15108141-003-04-7,control,10000,138,581,443,719
21,19,0.15061145246227742,BRD-K36207157-001-09-6,deletion,2500,BRD-K36207157-001-09-6,control,7500,351.5,337,14.5,688.5
27,16,0.14766471831684194,BRD-K79131256-001-17-9,control,7500,BRD-K21680192-300-14-4,deletion,10000,275.5,251,24.5,526.5
27,13,0.14600909648391347,BRD-K79131256-001-17-9,control,7500,BRD-K21680192-300-14-4,deletion,2500,275.5,354,78.5,629.5
6,5,0.14295715407748258,BRD-K15108141-003-04-7,deletion,5000,BRD-K15108141-003-04-7,deletion,2500,780,423,357,1203
17,13,0.1395454293600757,BRD-K36207157-001-09-6,control,2500,BRD-K21680192-300-14-4,deletion,2500,138,354,216,492
17,16,0.13715957652373123,BRD-K36207157-001-09-6,control,2500,BRD-K21680192-300-14-4,deletion,10000,138,251,113,389
26,20,0.13287802377251035,BRD-K79131256-001-17-9,control,5000,BRD-K36207157-001-09-6,control,10000,274.5,506.5,232,781
28,2,0.12604726482608794,BRD-K79131256-001-17-9,control,10000,BRD-K15108141-003-04-7,control,5000,466.5,252,214.5,718.5
27,15,0.12311502221658197,BRD-K79131256-001-17-9,control,7500,BRD-K21680192-300-14-4,deletion,7500,275.5,489,213.5,764.5
20,2,0.12131344286499018,BRD-K36207157-001-09-6,control,10000,BRD-K15108141-003-04-7,control,5000,506.5,252,254.5,758.5
29,28,0.11832700063747692,BRD-K79131256-001-17-9,deletion,2500,BRD-K79131256-001-17-9,control,10000,398.5,466.5,68,865
24,20,0.1181838155410304,BRD-K36207157-001-09-6,deletion,10000,BRD-K36207157-001-09-6,control,10000,951.5,506.5,445,1458
30,18,0.11238284832634021,BRD-K79131256-001-17-9,deletion,5000,BRD-K36207157-001-09-6,control,5000,769,222.5,546.5,991.5
22,16,0.1086351026524071,BRD-K36207157-001-09-6,deletion,5000,BRD-K21680192-300-14-4,deletion,10000,791,251,540,1042
7,3,0.10822051967764043,BRD-K15108141-003-04-7,deletion,7500,BRD-K15108141-003-04-7,control,7500,904,354.5,549.5,1258.5
4,2,0.10710494795832934,BRD-K15108141-003-04-7,control,10000,BRD-K15108141-003-04-7,control,5000,581,252,329,833
25,20,0.10132485803177871,BRD-K79131256-001-17-9,control,2500,BRD-K36207157-001-09-6,control,10000,163,506.5,343.5,669.5
25,9,0.09524677730457592,BRD-K79131256-001-17-9,control,2500,BRD-K21680192-300-14-4,control,2500,163,184.5,21.5,347.5
24,21,0.09414144685208668,BRD-K36207157-001-09-6,deletion,10000,BRD-K36207157-001-09-6,deletion,2500,951.5,351.5,600,1303
17,15,0.09309195003887037,BRD-K36207157-001-09-6,control,2500,BRD-K21680192-300-14-4,deletion,7500,138,489,351,627
31,4,0.09084882083870735,BRD-K79131256-001-17-9,deletion,7500,BRD-K15108141-003-04-7,control,10000,1032,581,451,1613
24,19,0.08927627190332925,BRD-K36207157-001-09-6,deletion,10000,BRD-K36207157-001-09-6,control,7500,951.5,337,614.5,1288.5
8,4,0.08751938264428727,BRD-K15108141-003-04-7,deletion,10000,BRD-K15108141-003-04-7,control,10000,1054,581,473,1635
17,14,0.08750441955450085,BRD-K36207157-001-09-6,control,2500,BRD-K21680192-300-14-4,deletion,5000,138,476,338,614
16,6,0.0868877467067843,BRD-K21680192-300-14-4,deletion,10000,BRD-K15108141-003-04-7,deletion,5000,251,780,529,1031
20,12,0.08583813286105053,BRD-K36207157-001-09-6,control,10000,BRD-K21680192-300-14-4,control,10000,506.5,740,233.5,1246.5
22,13,0.08292422578913894,BRD-K36207157-001-09-6,deletion,5000,BRD-K21680192-300-14-4,deletion,2500,791,354,437,1145
17,11,0.07929825417191398,BRD-K36207157-001-09-6,control,2500,BRD-K21680192-300-14-4,control,7500,138,297,159,435
29,2,0.07716093780487471,BRD-K79131256-001-17-9,deletion,2500,BRD-K15108141-003-04-7,control,5000,398.5,252,146.5,650.5
25,11,0.07618581382375612,BRD-K79131256-001-17-9,control,2500,BRD-K21680192-300-14-4,control,7500,163,297,134,460
20,11,0.07490203744052962,BRD-K36207157-001-09-6,control,10000,BRD-K21680192-300-14-4,control,7500,506.5,297,209.5,803.5
29,1,0.07363890166939221,BRD-K79131256-001-17-9,deletion,2500,BRD-K15108141-003-04-7,control,2500,398.5,158.5,240,557
32,4,0.07291583075930246,BRD-K79131256-001-17-9,deletion,10000,BRD-K15108141-003-04-7,control,10000,888,581,307,1469
25,3,0.07232843670617202,BRD-K79131256-001-17-9,control,2500,BRD-K15108141-003-04-7,control,7500,163,354.5,191.5,517.5
28,25,0.07183148055859771,BRD-K79131256-001-17-9,control,10000,BRD-K79131256-001-17-9,control,2500,466.5,163,303.5,629.5
6,3,0.07064635229592196,BRD-K15108141-003-04-7,deletion,5000,BRD-K15108141-003-04-7,control,7500,780,354.5,425.5,1134.5
23,19,0.0682296945356484,BRD-K36207157-001-09-6,deletion,7500,BRD-K36207157-001-09-6,control,7500,767,337,430,1104
9,1,0.06597199520203838,BRD-K21680192-300-14-4,control,2500,BRD-K15108141-003-04-7,control,2500,184.5,158.5,26,343
28,1,0.06596062040593273,BRD-K79131256-001-17-9,control,10000,BRD-K15108141-003-04-7,control,2500,466.5,158.5,308,625
17,10,0.06576314798251555,BRD-K36207157-001-09-6,control,2500,BRD-K21680192-300-14-4,control,5000,138,261,123,399
17,12,0.06544063572802723,BRD-K36207157-001-09-6,control,2500,BRD-K21680192-300-14-4,control,10000,138,740,602,878
21,4,0.06403673159067212,BRD-K36207157-001-09-6,deletion,2500,BRD-K15108141-003-04-7,control,10000,351.5,581,229.5,932.5
25,10,0.061496589470784166,BRD-K79131256-001-17-9,control,2500,BRD-K21680192-300-14-4,control,5000,163,261,98,424
13,6,0.06065935258168566,BRD-K21680192-300-14-4,deletion,2500,BRD-K15108141-003-04-7,deletion,5000,354,780,426,1134
20,9,0.06052962134879476,BRD-K36207157-001-09-6,control,10000,BRD-K21680192-300-14-4,control,2500,506.5,184.5,322,691
23,20,0.05934154969636653,BRD-K36207157-001-09-6,deletion,7500,BRD-K36207157-001-09-6,control,10000,767,506.5,260.5,1273.5
11,1,0.05751243754199668,BRD-K21680192-300-14-4,control,7500,BRD-K15108141-003-04-7,control,2500,297,158.5,138.5,455.5
7,2,0.0573023968107659,BRD-K15108141-003-04-7,deletion,7500,BRD-K15108141-003-04-7,control,5000,904,252,652,1156
30,21,0.05694514436294913,BRD-K79131256-001-17-9,deletion,5000,BRD-K36207157-001-09-6,deletion,2500,769,351.5,417.5,1120.5
6,2,0.05369099730184143,BRD-K15108141-003-04-7,deletion,5000,BRD-K15108141-003-04-7,control,5000,780,252,528,1032
25,15,0.05201646783651987,BRD-K79131256-001-17-9,control,2500,BRD-K21680192-300-14-4,deletion,7500,163,489,326,652
20,10,0.047483542498118696,BRD-K36207157-001-09-6,control,10000,BRD-K21680192-300-14-4,control,5000,506.5,261,245.5,767.5
22,5,0.04735910734980617,BRD-K36207157-001-09-6,deletion,5000,BRD-K15108141-003-04-7,deletion,2500,791,423,368,1214
25,13,0.047338156941688254,BRD-K79131256-001-17-9,control,2500,BRD-K21680192-300-14-4,deletion,2500,163,354,191,517
24,3,0.04493324416417523,BRD-K36207157-001-09-6,deletion,10000,BRD-K15108141-003-04-7,control,7500,951.5,354.5,597,1306
29,22,0.03810018044335479,BRD-K79131256-001-17-9,deletion,2500,BRD-K36207157-001-09-6,deletion,5000,398.5,791,392.5,1189.5
32,12,0.037893460768443216,BRD-K79131256-001-17-9,deletion,10000,BRD-K21680192-300-14-4,control,10000,888,740,148,1628
12,4,0.03757480059627382,BRD-K21680192-300-14-4,control,10000,BRD-K15108141-003-04-7,control,10000,740,581,159,1321
29,18,0.03737949299492801,BRD-K79131256-001-17-9,deletion,2500,BRD-K36207157-001-09-6,control,5000,398.5,222.5,176,621
27,21,0.034368497110728924,BRD-K79131256-001-17-9,control,7500,BRD-K36207157-001-09-6,deletion,2500,275.5,351.5,76,627
22,14,0.03327624656015477,BRD-K36207157-001-09-6,deletion,5000,BRD-K21680192-300-14-4,deletion,5000,791,476,315,1267
4,1,0.03240993367376995,BRD-K15108141-003-04-7,control,10000,BRD-K15108141-003-04-7,control,2500,581,158.5,422.5,739.5
15,6,0.03192898013717438,BRD-K21680192-300-14-4,deletion,7500,BRD-K15108141-003-04-7,deletion,5000,489,780,291,1269
12,8,0.027669375530285333,BRD-K21680192-300-14-4,control,10000,BRD-K15108141-003-04-7,deletion,10000,740,1054,314,1794
22,17,0.023068854281808698,BRD-K36207157-001-09-6,deletion,5000,BRD-K36207157-001-09-6,control,2500,791,138,653,929
30,5,0.020820526720947,BRD-K79131256-001-17-9,deletion,5000,BRD-K15108141-003-04-7,deletion,2500,769,423,346,1192
23,3,0.020370365020033074,BRD-K36207157-001-09-6,deletion,7500,BRD-K15108141-003-04-7,control,7500,767,354.5,412.5,1121.5
28,24,0.0199596596266497,BRD-K79131256-001-17-9,control,10000,BRD-K36207157-001-09-6,deletion,10000,466.5,951.5,485,1418
10,4,0.019827062752387683,BRD-K21680192-300-14-4,control,5000,BRD-K15108141-003-04-7,control,10000,261,581,320,842
30,28,0.01931497604726878,BRD-K79131256-001-17-9,deletion,5000,BRD-K79131256-001-17-9,control,10000,769,466.5,302.5,1235.5
22,15,0.01811944660220619,BRD-K36207157-001-09-6,deletion,5000,BRD-K21680192-300-14-4,deletion,7500,791,489,302,1280
14,8,0.017491055394570812,BRD-K21680192-300-14-4,deletion,5000,BRD-K15108141-003-04-7,deletion,10000,476,1054,578,1530
15,1,0.015941678123949247,BRD-K21680192-300-14-4,deletion,7500,BRD-K15108141-003-04-7,control,2500,489,158.5,330.5,647.5
22,9,0.015598202301828129,BRD-K36207157-001-09-6,deletion,5000,BRD-K21680192-300-14-4,control,2500,791,184.5,606.5,975.5
32,14,0.014219672408074698,BRD-K79131256-001-17-9,deletion,10000,BRD-K21680192-300-14-4,deletion,5000,888,476,412,1364
25,16,0.014091056821852724,BRD-K79131256-001-17-9,control,2500,BRD-K21680192-300-14-4,deletion,10000,163,251,88,414
14,6,0.013397034653622289,BRD-K21680192-300-14-4,deletion,5000,BRD-K15108141-003-04-7,deletion,5000,476,780,304,1256
31,28,0.012716842774644797,BRD-K79131256-001-17-9,deletion,7500,BRD-K79131256-001-17-9,control,10000,1032,466.5,565.5,1498.5
32,11,0.011625241049158545,BRD-K79131256-001-17-9,deletion,10000,BRD-K21680192-300-14-4,control,7500,888,297,591,1185
25,14,0.010489618477010815,BRD-K79131256-001-17-9,control,2500,BRD-K21680192-300-14-4,deletion,5000,163,476,313,639
11,4,0.010281724374609542,BRD-K21680192-300-14-4,control,7500,BRD-K15108141-003-04-7,control,10000,297,581,284,878
7,4,0.00968089790078602,BRD-K15108141-003-04-7,deletion,7500,BRD-K15108141-003-04-7,control,10000,904,581,323,1485
10,1,0.008682452046614076,BRD-K21680192-300-14-4,control,5000,BRD-K15108141-003-04-7,control,2500,261,158.5,102.5,419.5
9,4,0.008275058903686142,BRD-K21680192-300-14-4,control,2500,BRD-K15108141-003-04-7,control,10000,184.5,581,396.5,765.5
28,23,0.0030620035025829117,BRD-K79131256-001-17-9,control,10000,BRD-K36207157-001-09-6,deletion,7500,466.5,767,300.5,1233.5
25,12,0.0030038541405931203,BRD-K79131256-001-17-9,control,2500,BRD-K21680192-300-14-4,control,10000,163,740,577,903
32,15,2.2369781153831712e-4,BRD-K79131256-001-17-9,deletion,10000,BRD-K21680192-300-14-4,deletion,7500,888,489,399,1377
26,4,-0.00308101568496328,BRD-K79131256-001-17-9,control,5000,BRD-K15108141-003-04-7,control,10000,274.5,581,306.5,855.5
22,12,-0.0050096354179531505,BRD-K36207157-001-09-6,deletion,5000,BRD-K21680192-300-14-4,control,10000,791,740,51,1531
15,8,-0.0050242029041249955,BRD-K21680192-300-14-4,deletion,7500,BRD-K15108141-003-04-7,deletion,10000,489,1054,565,1543
30,19,-0.005792249639148267,BRD-K79131256-001-17-9,deletion,5000,BRD-K36207157-001-09-6,control,7500,769,337,432,1106
11,8,-0.006299446534941272,BRD-K21680192-300-14-4,control,7500,BRD-K15108141-003-04-7,deletion,10000,297,1054,757,1351
16,8,-0.007824104295252397,BRD-K21680192-300-14-4,deletion,10000,BRD-K15108141-003-04-7,deletion,10000,251,1054,803,1305
32,10,-0.007995960329227215,BRD-K79131256-001-17-9,deletion,10000,BRD-K21680192-300-14-4,control,5000,888,261,627,1149
29,17,-0.01061496108808202,BRD-K79131256-001-17-9,deletion,2500,BRD-K36207157-001-09-6,control,2500,398.5,138,260.5,536.5
32,16,-0.010771191847691642,BRD-K79131256-001-17-9,deletion,10000,BRD-K21680192-300-14-4,deletion,10000,888,251,637,1139
31,12,-0.014273061831069776,BRD-K79131256-001-17-9,deletion,7500,BRD-K21680192-300-14-4,control,10000,1032,740,292,1772
10,8,-0.014947114229175955,BRD-K21680192-300-14-4,control,5000,BRD-K15108141-003-04-7,deletion,10000,261,1054,793,1315
20,16,-0.016190408731798587,BRD-K36207157-001-09-6,control,10000,BRD-K21680192-300-14-4,deletion,10000,506.5,251,255.5,757.5
20,14,-0.018202804255959087,BRD-K36207157-001-09-6,control,10000,BRD-K21680192-300-14-4,deletion,5000,506.5,476,30.5,982.5
13,8,-0.018338582627367712,BRD-K21680192-300-14-4,deletion,2500,BRD-K15108141-003-04-7,deletion,10000,354,1054,700,1408
19,7,-0.018418218388821697,BRD-K36207157-001-09-6,control,7500,BRD-K15108141-003-04-7,deletion,7500,337,904,567,1241
32,9,-0.01857277320449134,BRD-K79131256-001-17-9,deletion,10000,BRD-K21680192-300-14-4,control,2500,888,184.5,703.5,1072.5
13,1,-0.020267019208314665,BRD-K21680192-300-14-4,deletion,2500,BRD-K15108141-003-04-7,control,2500,354,158.5,195.5,512.5
31,14,-0.020429731233124276,BRD-K79131256-001-17-9,deletion,7500,BRD-K21680192-300-14-4,deletion,5000,1032,476,556,1508
14,4,-0.02366445968996887,BRD-K21680192-300-14-4,deletion,5000,BRD-K15108141-003-04-7,control,10000,476,581,105,1057
32,13,-0.02381464473777282,BRD-K79131256-001-17-9,deletion,10000,BRD-K21680192-300-14-4,deletion,2500,888,354,534,1242
12,1,-0.027410786808473607,BRD-K21680192-300-14-4,control,10000,BRD-K15108141-003-04-7,control,2500,740,158.5,581.5,898.5
6,4,-0.027616540331363265,BRD-K15108141-003-04-7,deletion,5000,BRD-K15108141-003-04-7,control,10000,780,581,199,1361
16,4,-0.028514127996686348,BRD-K21680192-300-14-4,deletion,10000,BRD-K15108141-003-04-7,control,10000,251,581,330,832
9,8,-0.02869018458925241,BRD-K21680192-300-14-4,control,2500,BRD-K15108141-003-04-7,deletion,10000,184.5,1054,869.5,1238.5
14,1,-0.028923612150287444,BRD-K21680192-300-14-4,deletion,5000,BRD-K15108141-003-04-7,control,2500,476,158.5,317.5,634.5
8,3,-0.029410589268679725,BRD-K15108141-003-04-7,deletion,10000,BRD-K15108141-003-04-7,control,7500,1054,354.5,699.5,1408.5
29,23,-0.02959697673566558,BRD-K79131256-001-17-9,deletion,2500,BRD-K36207157-001-09-6,deletion,7500,398.5,767,368.5,1165.5
20,13,-0.030220167241261635,BRD-K36207157-001-09-6,control,10000,BRD-K21680192-300-14-4,deletion,2500,506.5,354,152.5,860.5
31,15,-0.03176827950452902,BRD-K79131256-001-17-9,deletion,7500,BRD-K21680192-300-14-4,deletion,7500,1032,489,543,1521
31,16,-0.032440811150746506,BRD-K79131256-001-17-9,deletion,7500,BRD-K21680192-300-14-4,deletion,10000,1032,251,781,1283
16,1,-0.034646189949423804,BRD-K21680192-300-14-4,deletion,10000,BRD-K15108141-003-04-7,control,2500,251,158.5,92.5,409.5
31,13,-0.037523755631260265,BRD-K79131256-001-17-9,deletion,7500,BRD-K21680192-300-14-4,deletion,2500,1032,354,678,1386
31,10,-0.04414823546422185,BRD-K79131256-001-17-9,deletion,7500,BRD-K21680192-300-14-4,control,5000,1032,261,771,1293
13,4,-0.0469304832476513,BRD-K21680192-300-14-4,deletion,2500,BRD-K15108141-003-04-7,control,10000,354,581,227,935
22,11,-0.046938622248612255,BRD-K36207157-001-09-6,deletion,5000,BRD-K21680192-300-14-4,control,7500,791,297,494,1088
22,10,-0.04901646495075251,BRD-K36207157-001-09-6,deletion,5000,BRD-K21680192-300-14-4,control,5000,791,261,530,1052
23,15,-0.05192466311043943,BRD-K36207157-001-09-6,deletion,7500,BRD-K21680192-300-14-4,deletion,7500,767,489,278,1256
23,16,-0.05360856387118981,BRD-K36207157-001-09-6,deletion,7500,BRD-K21680192-300-14-4,deletion,10000,767,251,516,1018
31,11,-0.05634689115889779,BRD-K79131256-001-17-9,deletion,7500,BRD-K21680192-300-14-4,control,7500,1032,297,735,1329
21,16,-0.05755242484838727,BRD-K36207157-001-09-6,deletion,2500,BRD-K21680192-300-14-4,deletion,10000,351.5,251,100.5,602.5
20,15,-0.05902243794320733,BRD-K36207157-001-09-6,control,10000,BRD-K21680192-300-14-4,deletion,7500,506.5,489,17.5,995.5
23,14,-0.05934151104320116,BRD-K36207157-001-09-6,deletion,7500,BRD-K21680192-300-14-4,deletion,5000,767,476,291,1243
31,9,-0.05940314301437009,BRD-K79131256-001-17-9,deletion,7500,BRD-K21680192-300-14-4,control,2500,1032,184.5,847.5,1216.5
23,12,-0.06033432798112474,BRD-K36207157-001-09-6,deletion,7500,BRD-K21680192-300-14-4,control,10000,767,740,27,1507
21,13,-0.0604430054490695,BRD-K36207157-001-09-6,deletion,2500,BRD-K21680192-300-14-4,deletion,2500,351.5,354,2.5,705.5
23,5,-0.06648618277367661,BRD-K36207157-001-09-6,deletion,7500,BRD-K15108141-003-04-7,deletion,2500,767,423,344,1190
23,13,-0.06654745331547193,BRD-K36207157-001-09-6,deletion,7500,BRD-K21680192-300-14-4,deletion,2500,767,354,413,1121
24,16,-0.06732356003939054,BRD-K36207157-001-09-6,deletion,10000,BRD-K21680192-300-14-4,deletion,10000,951.5,251,700.5,1202.5
28,6,-0.0684232374615183,BRD-K79131256-001-17-9,control,10000,BRD-K15108141-003-04-7,deletion,5000,466.5,780,313.5,1246.5
32,28,-0.07334432277656057,BRD-K79131256-001-17-9,deletion,10000,BRD-K79131256-001-17-9,control,10000,888,466.5,421.5,1354.5
30,27,-0.07465661071080539,BRD-K79131256-001-17-9,deletion,5000,BRD-K79131256-001-17-9,control,7500,769,275.5,493.5,1044.5
23,11,-0.08089037918650584,BRD-K36207157-001-09-6,deletion,7500,BRD-K21680192-300-14-4,control,7500,767,297,470,1064
24,12,-0.08138969060815912,BRD-K36207157-001-09-6,deletion,10000,BRD-K21680192-300-14-4,control,10000,951.5,740,211.5,1691.5
23,9,-0.08360511537436675,BRD-K36207157-001-09-6,deletion,7500,BRD-K21680192-300-14-4,control,2500,767,184.5,582.5,951.5
9,6,-0.0863053275033432,BRD-K21680192-300-14-4,control,2500,BRD-K15108141-003-04-7,deletion,5000,184.5,780,595.5,964.5
13,5,-0.08818004756430577,BRD-K21680192-300-14-4,deletion,2500,BRD-K15108141-003-04-7,deletion,2500,354,423,69,777
26,22,-0.09041233370233173,BRD-K79131256-001-17-9,control,5000,BRD-K36207157-001-09-6,deletion,5000,274.5,791,516.5,1065.5
24,13,-0.09102199076477885,BRD-K36207157-001-09-6,deletion,10000,BRD-K21680192-300-14-4,deletion,2500,951.5,354,597.5,1305.5
24,14,-0.09175342810008567,BRD-K36207157-001-09-6,deletion,10000,BRD-K21680192-300-14-4,deletion,5000,951.5,476,475.5,1427.5
31,29,-0.0922702869692347,BRD-K79131256-001-17-9,deletion,7500,BRD-K79131256-001-17-9,deletion,2500,1032,398.5,633.5,1430.5
32,19,-0.09291898565662103,BRD-K79131256-001-17-9,deletion,10000,BRD-K36207157-001-09-6,control,7500,888,337,551,1225
24,15,-0.09338500150759735,BRD-K36207157-001-09-6,deletion,10000,BRD-K21680192-300-14-4,deletion,7500,951.5,489,462.5,1440.5
12,6,-0.0952529161514134,BRD-K21680192-300-14-4,control,10000,BRD-K15108141-003-04-7,deletion,5000,740,780,40,1520
15,4,-0.09796710994708453,BRD-K21680192-300-14-4,deletion,7500,BRD-K15108141-003-04-7,control,10000,489,581,92,1070
28,13,-0.09854965233573254,BRD-K79131256-001-17-9,control,10000,BRD-K21680192-300-14-4,deletion,2500,466.5,354,112.5,820.5
16,5,-0.10038049853812482,BRD-K21680192-300-14-4,deletion,10000,BRD-K15108141-003-04-7,deletion,2500,251,423,172,674
19,8,-0.10615203868887783,BRD-K36207157-001-09-6,control,7500,BRD-K15108141-003-04-7,deletion,10000,337,1054,717,1391
29,27,-0.10620115976361588,BRD-K79131256-001-17-9,deletion,2500,BRD-K79131256-001-17-9,control,7500,398.5,275.5,123,674
28,16,-0.10890719139540322,BRD-K79131256-001-17-9,control,10000,BRD-K21680192-300-14-4,deletion,10000,466.5,251,215.5,717.5
23,10,-0.11114638764752055,BRD-K36207157-001-09-6,deletion,7500,BRD-K21680192-300-14-4,control,5000,767,261,506,1028
28,5,-0.11236743237523102,BRD-K79131256-001-17-9,control,10000,BRD-K15108141-003-04-7,deletion,2500,466.5,423,43.5,889.5
25,4,-0.11386002336954217,BRD-K79131256-001-17-9,control,2500,BRD-K15108141-003-04-7,control,10000,163,581,418,744
18,6,-0.11756769459951989,BRD-K36207157-001-09-6,control,5000,BRD-K15108141-003-04-7,deletion,5000,222.5,780,557.5,1002.5
5,3,-0.11796961049706314,BRD-K15108141-003-04-7,deletion,2500,BRD-K15108141-003-04-7,control,7500,423,354.5,68.5,777.5
24,9,-0.11970186464555484,BRD-K36207157-001-09-6,deletion,10000,BRD-K21680192-300-14-4,control,2500,951.5,184.5,767,1136
29,13,-0.12120935972357612,BRD-K79131256-001-17-9,deletion,2500,BRD-K21680192-300-14-4,deletion,2500,398.5,354,44.5,752.5
24,11,-0.12168727735036132,BRD-K36207157-001-09-6,deletion,10000,BRD-K21680192-300-14-4,control,7500,951.5,297,654.5,1248.5
28,9,-0.12188409367503215,BRD-K79131256-001-17-9,control,10000,BRD-K21680192-300-14-4,control,2500,466.5,184.5,282,651
21,7,-0.12193433446145012,BRD-K36207157-001-09-6,deletion,2500,BRD-K15108141-003-04-7,deletion,7500,351.5,904,552.5,1255.5
27,22,-0.12226048381930817,BRD-K79131256-001-17-9,control,7500,BRD-K36207157-001-09-6,deletion,5000,275.5,791,515.5,1066.5
15,5,-0.12436440383250164,BRD-K21680192-300-14-4,deletion,7500,BRD-K15108141-003-04-7,deletion,2500,489,423,66,912
29,16,-0.1293879598520707,BRD-K79131256-001-17-9,deletion,2500,BRD-K21680192-300-14-4,deletion,10000,398.5,251,147.5,649.5
29,15,-0.12979818009039168,BRD-K79131256-001-17-9,deletion,2500,BRD-K21680192-300-14-4,deletion,7500,398.5,489,90.5,887.5
28,10,-0.13293344263301532,BRD-K79131256-001-17-9,control,10000,BRD-K21680192-300-14-4,control,5000,466.5,261,205.5,727.5
32,20,-0.13353511537044216,BRD-K79131256-001-17-9,deletion,10000,BRD-K36207157-001-09-6,control,10000,888,506.5,381.5,1394.5
28,14,-0.13609502227451192,BRD-K79131256-001-17-9,control,10000,BRD-K21680192-300-14-4,deletion,5000,466.5,476,9.5,942.5
29,24,-0.1368087126664568,BRD-K79131256-001-17-9,deletion,2500,BRD-K36207157-001-09-6,deletion,10000,398.5,951.5,553,1350
21,15,-0.13763406867476286,BRD-K36207157-001-09-6,deletion,2500,BRD-K21680192-300-14-4,deletion,7500,351.5,489,137.5,840.5
24,18,-0.14006881782834338,BRD-K36207157-001-09-6,deletion,10000,BRD-K36207157-001-09-6,control,5000,951.5,222.5,729,1174
29,7,-0.14299568710546604,BRD-K79131256-001-17-9,deletion,2500,BRD-K15108141-003-04-7,deletion,7500,398.5,904,505.5,1302.5
23,2,-0.14349602038533116,BRD-K36207157-001-09-6,deletion,7500,BRD-K15108141-003-04-7,control,5000,767,252,515,1019
21,9,-0.14368970878902812,BRD-K36207157-001-09-6,deletion,2500,BRD-K21680192-300-14-4,control,2500,351.5,184.5,167,536
31,20,-0.1454907836142644,BRD-K79131256-001-17-9,deletion,7500,BRD-K36207157-001-09-6,control,10000,1032,506.5,525.5,1538.5
30,4,-0.14841451648270418,BRD-K79131256-001-17-9,deletion,5000,BRD-K15108141-003-04-7,control,10000,769,581,188,1350
10,6,-0.15028947274366247,BRD-K21680192-300-14-4,control,5000,BRD-K15108141-003-04-7,deletion,5000,261,780,519,1041
31,19,-0.15055875568953364,BRD-K79131256-001-17-9,deletion,7500,BRD-K36207157-001-09-6,control,7500,1032,337,695,1369
23,18,-0.15127135895461602,BRD-K36207157-001-09-6,deletion,7500,BRD-K36207157-001-09-6,control,5000,767,222.5,544.5,989.5
28,12,-0.15139346314388163,BRD-K79131256-001-17-9,control,10000,BRD-K21680192-300-14-4,control,10000,466.5,740,273.5,1206.5
32,3,-0.15490471332244352,BRD-K79131256-001-17-9,deletion,10000,BRD-K15108141-003-04-7,control,7500,888,354.5,533.5,1242.5
24,10,-0.15653404364802725,BRD-K36207157-001-09-6,deletion,10000,BRD-K21680192-300-14-4,control,5000,951.5,261,690.5,1212.5
28,8,-0.16007751137478135,BRD-K79131256-001-17-9,control,10000,BRD-K15108141-003-04-7,deletion,10000,466.5,1054,587.5,1520.5
24,2,-0.16054811315158873,BRD-K36207157-001-09-6,deletion,10000,BRD-K15108141-003-04-7,control,5000,951.5,252,699.5,1203.5
27,5,-0.1615774071191358,BRD-K79131256-001-17-9,control,7500,BRD-K15108141-003-04-7,deletion,2500,275.5,423,147.5,698.5
21,14,-0.16245812548514715,BRD-K36207157-001-09-6,deletion,2500,BRD-K21680192-300-14-4,deletion,5000,351.5,476,124.5,827.5
11,6,-0.1625278427982061,BRD-K21680192-300-14-4,control,7500,BRD-K15108141-003-04-7,deletion,5000,297,780,483,1077
28,7,-0.16507998101979696,BRD-K79131256-001-17-9,control,10000,BRD-K15108141-003-04-7,deletion,7500,466.5,904,437.5,1370.5
20,8,-0.165399012237763,BRD-K36207157-001-09-6,control,10000,BRD-K15108141-003-04-7,deletion,10000,506.5,1054,547.5,1560.5
32,27,-0.16847923869944978,BRD-K79131256-001-17-9,deletion,10000,BRD-K79131256-001-17-9,control,7500,888,275.5,612.5,1163.5
28,15,-0.1713175097121742,BRD-K79131256-001-17-9,control,10000,BRD-K21680192-300-14-4,deletion,7500,466.5,489,22.5,955.5
28,11,-0.1720704024556378,BRD-K79131256-001-17-9,control,10000,BRD-K21680192-300-14-4,control,7500,466.5,297,169.5,763.5
20,7,-0.17245936060631395,BRD-K36207157-001-09-6,control,10000,BRD-K15108141-003-04-7,deletion,7500,506.5,904,397.5,1410.5
18,7,-0.1757893056734166,BRD-K36207157-001-09-6,control,5000,BRD-K15108141-003-04-7,deletion,7500,222.5,904,681.5,1126.5
30,17,-0.17667234751035799,BRD-K79131256-001-17-9,deletion,5000,BRD-K36207157-001-09-6,control,2500,769,138,631,907
32,29,-0.1774519491194818,BRD-K79131256-001-17-9,deletion,10000,BRD-K79131256-001-17-9,deletion,2500,888,398.5,489.5,1286.5
14,5,-0.18110662227189037,BRD-K21680192-300-14-4,deletion,5000,BRD-K15108141-003-04-7,deletion,2500,476,423,53,899
31,21,-0.1887301883172291,BRD-K79131256-001-17-9,deletion,7500,BRD-K36207157-001-09-6,deletion,2500,1032,351.5,680.5,1383.5
9,5,-0.19262471942386733,BRD-K21680192-300-14-4,control,2500,BRD-K15108141-003-04-7,deletion,2500,184.5,423,238.5,607.5
7,5,-0.1940984715988902,BRD-K15108141-003-04-7,deletion,7500,BRD-K15108141-003-04-7,deletion,2500,904,423,481,1327
31,3,-0.19593467803676357,BRD-K79131256-001-17-9,deletion,7500,BRD-K15108141-003-04-7,control,7500,1032,354.5,677.5,1386.5
19,6,-0.19613053725494792,BRD-K36207157-001-09-6,control,7500,BRD-K15108141-003-04-7,deletion,5000,337,780,443,1117
29,14,-0.19720876083937236,BRD-K79131256-001-17-9,deletion,2500,BRD-K21680192-300-14-4,deletion,5000,398.5,476,77.5,874.5
24,5,-0.19730491126418892,BRD-K36207157-001-09-6,deletion,10000,BRD-K15108141-003-04-7,deletion,2500,951.5,423,528.5,1374.5
20,5,-0.19828252559085127,BRD-K36207157-001-09-6,control,10000,BRD-K15108141-003-04-7,deletion,2500,506.5,423,83.5,929.5
23,17,-0.20125142843591248,BRD-K36207157-001-09-6,deletion,7500,BRD-K36207157-001-09-6,control,2500,767,138,629,905
22,1,-0.2107213622256756,BRD-K36207157-001-09-6,deletion,5000,BRD-K15108141-003-04-7,control,2500,791,158.5,632.5,949.5
31,27,-0.2117203788221862,BRD-K79131256-001-17-9,deletion,7500,BRD-K79131256-001-17-9,control,7500,1032,275.5,756.5,1307.5
29,3,-0.21277300409522448,BRD-K79131256-001-17-9,deletion,2500,BRD-K15108141-003-04-7,control,7500,398.5,354.5,44,753
24,17,-0.21585355232088177,BRD-K36207157-001-09-6,deletion,10000,BRD-K36207157-001-09-6,control,2500,951.5,138,813.5,1089.5
17,6,-0.21697193368766723,BRD-K36207157-001-09-6,control,2500,BRD-K15108141-003-04-7,deletion,5000,138,780,642,918
19,5,-0.22183053706003764,BRD-K36207157-001-09-6,control,7500,BRD-K15108141-003-04-7,deletion,2500,337,423,86,760
26,6,-0.22389669621925387,BRD-K79131256-001-17-9,control,5000,BRD-K15108141-003-04-7,deletion,5000,274.5,780,505.5,1054.5
27,8,-0.2261828312810042,BRD-K79131256-001-17-9,control,7500,BRD-K15108141-003-04-7,deletion,10000,275.5,1054,778.5,1329.5
29,9,-0.23038485895619776,BRD-K79131256-001-17-9,deletion,2500,BRD-K21680192-300-14-4,control,2500,398.5,184.5,214,583
10,5,-0.23064326530457233,BRD-K21680192-300-14-4,control,5000,BRD-K15108141-003-04-7,deletion,2500,261,423,162,684
21,10,-0.2319657714144832,BRD-K36207157-001-09-6,deletion,2500,BRD-K21680192-300-14-4,control,5000,351.5,261,90.5,612.5
21,12,-0.24029174945258763,BRD-K36207157-001-09-6,deletion,2500,BRD-K21680192-300-14-4,control,10000,351.5,740,388.5,1091.5
21,11,-0.24479022615612403,BRD-K36207157-001-09-6,deletion,2500,BRD-K21680192-300-14-4,control,7500,351.5,297,54.5,648.5
11,5,-0.2549714673425879,BRD-K21680192-300-14-4,control,7500,BRD-K15108141-003-04-7,deletion,2500,297,423,126,720
27,7,-0.25523720651807225,BRD-K79131256-001-17-9,control,7500,BRD-K15108141-003-04-7,deletion,7500,275.5,904,628.5,1179.5
27,24,-0.2557786318021955,BRD-K79131256-001-17-9,control,7500,BRD-K36207157-001-09-6,deletion,10000,275.5,951.5,676,1227
12,5,-0.25667896917560373,BRD-K21680192-300-14-4,control,10000,BRD-K15108141-003-04-7,deletion,2500,740,423,317,1163
32,21,-0.25770347826136986,BRD-K79131256-001-17-9,deletion,10000,BRD-K36207157-001-09-6,deletion,2500,888,351.5,536.5,1239.5
8,2,-0.25864012921640867,BRD-K15108141-003-04-7,deletion,10000,BRD-K15108141-003-04-7,control,5000,1054,252,802,1306
27,23,-0.25931102730256567,BRD-K79131256-001-17-9,control,7500,BRD-K36207157-001-09-6,deletion,7500,275.5,767,491.5,1042.5
30,25,-0.2687301747987848,BRD-K79131256-001-17-9,deletion,5000,BRD-K79131256-001-17-9,control,2500,769,163,606,932
29,10,-0.2714785136278211,BRD-K79131256-001-17-9,deletion,2500,BRD-K21680192-300-14-4,control,5000,398.5,261,137.5,659.5
21,8,-0.275974961785259,BRD-K36207157-001-09-6,deletion,2500,BRD-K15108141-003-04-7,deletion,10000,351.5,1054,702.5,1405.5
23,1,-0.2767194201795627,BRD-K36207157-001-09-6,deletion,7500,BRD-K15108141-003-04-7,control,2500,767,158.5,608.5,925.5
29,20,-0.2789352303604828,BRD-K79131256-001-17-9,deletion,2500,BRD-K36207157-001-09-6,control,10000,398.5,506.5,108,905
30,20,-0.2847281086672742,BRD-K79131256-001-17-9,deletion,5000,BRD-K36207157-001-09-6,control,10000,769,506.5,262.5,1275.5
29,8,-0.28530847318093727,BRD-K79131256-001-17-9,deletion,2500,BRD-K15108141-003-04-7,deletion,10000,398.5,1054,655.5,1452.5
29,12,-0.2996239373252925,BRD-K79131256-001-17-9,deletion,2500,BRD-K21680192-300-14-4,control,10000,398.5,740,341.5,1138.5
20,6,-0.29988231484244565,BRD-K36207157-001-09-6,control,10000,BRD-K15108141-003-04-7,deletion,5000,506.5,780,273.5,1286.5
31,2,-0.29992087951120366,BRD-K79131256-001-17-9,deletion,7500,BRD-K15108141-003-04-7,control,5000,1032,252,780,1284
29,11,-0.3028303447959811,BRD-K79131256-001-17-9,deletion,2500,BRD-K21680192-300-14-4,control,7500,398.5,297,101.5,695.5
27,6,-0.30730662214340876,BRD-K79131256-001-17-9,control,7500,BRD-K15108141-003-04-7,deletion,5000,275.5,780,504.5,1055.5
32,2,-0.30888260954462926,BRD-K79131256-001-17-9,deletion,10000,BRD-K15108141-003-04-7,control,5000,888,252,636,1140
31,5,-0.3100261328774663,BRD-K79131256-001-17-9,deletion,7500,BRD-K15108141-003-04-7,deletion,2500,1032,423,609,1455
5,4,-0.31438346695058006,BRD-K15108141-003-04-7,deletion,2500,BRD-K15108141-003-04-7,control,10000,423,581,158,1004
26,7,-0.3178513992056457,BRD-K79131256-001-17-9,control,5000,BRD-K15108141-003-04-7,deletion,7500,274.5,904,629.5,1178.5
18,8,-0.3217771897264202,BRD-K36207157-001-09-6,control,5000,BRD-K15108141-003-04-7,deletion,10000,222.5,1054,831.5,1276.5
25,22,-0.3272191447478292,BRD-K79131256-001-17-9,control,2500,BRD-K36207157-001-09-6,deletion,5000,163,791,628,954
17,7,-0.3291948351156601,BRD-K36207157-001-09-6,control,2500,BRD-K15108141-003-04-7,deletion,7500,138,904,766,1042
32,18,-0.3357522501926207,BRD-K79131256-001-17-9,deletion,10000,BRD-K36207157-001-09-6,control,5000,888,222.5,665.5,1110.5
29,19,-0.3406303087212333,BRD-K79131256-001-17-9,deletion,2500,BRD-K36207157-001-09-6,control,7500,398.5,337,61.5,735.5
31,18,-0.3417650701903689,BRD-K79131256-001-17-9,deletion,7500,BRD-K36207157-001-09-6,control,5000,1032,222.5,809.5,1254.5
29,4,-0.34219701065582,BRD-K79131256-001-17-9,deletion,2500,BRD-K15108141-003-04-7,control,10000,398.5,581,182.5,979.5
17,8,-0.3505782237690223,BRD-K36207157-001-09-6,control,2500,BRD-K15108141-003-04-7,deletion,10000,138,1054,916,1192
32,5,-0.35374581530939964,BRD-K79131256-001-17-9,deletion,10000,BRD-K15108141-003-04-7,deletion,2500,888,423,465,1311
8,5,-0.36668603766371616,BRD-K15108141-003-04-7,deletion,10000,BRD-K15108141-003-04-7,deletion,2500,1054,423,631,1477
30,1,-0.3704915062473005,BRD-K79131256-001-17-9,deletion,5000,BRD-K15108141-003-04-7,control,2500,769,158.5,610.5,927.5
32,17,-0.3718841473139112,BRD-K79131256-001-17-9,deletion,10000,BRD-K36207157-001-09-6,control,2500,888,138,750,1026
24,1,-0.3753278376753433,BRD-K36207157-001-09-6,deletion,10000,BRD-K15108141-003-04-7,control,2500,951.5,158.5,793,1110
25,23,-0.3800801468324498,BRD-K79131256-001-17-9,control,2500,BRD-K36207157-001-09-6,deletion,7500,163,767,604,930
8,1,-0.3825382560991554,BRD-K15108141-003-04-7,deletion,10000,BRD-K15108141-003-04-7,control,2500,1054,158.5,895.5,1212.5
26,23,-0.3841295770925972,BRD-K79131256-001-17-9,control,5000,BRD-K36207157-001-09-6,deletion,7500,274.5,767,492.5,1041.5
6,1,-0.3853830897002387,BRD-K15108141-003-04-7,deletion,5000,BRD-K15108141-003-04-7,control,2500,780,158.5,621.5,938.5
32,25,-0.3892193472625784,BRD-K79131256-001-17-9,deletion,10000,BRD-K79131256-001-17-9,control,2500,888,163,725,1051
25,8,-0.40092644733895816,BRD-K79131256-001-17-9,control,2500,BRD-K15108141-003-04-7,deletion,10000,163,1054,891,1217
32,26,-0.4257787670184846,BRD-K79131256-001-17-9,deletion,10000,BRD-K79131256-001-17-9,control,5000,888,274.5,613.5,1162.5
25,6,-0.43101614949636247,BRD-K79131256-001-17-9,control,2500,BRD-K15108141-003-04-7,deletion,5000,163,780,617,943
32,1,-0.433619512411429,BRD-K79131256-001-17-9,deletion,10000,BRD-K15108141-003-04-7,control,2500,888,158.5,729.5,1046.5
26,24,-0.4376985211260988,BRD-K79131256-001-17-9,control,5000,BRD-K36207157-001-09-6,deletion,10000,274.5,951.5,677,1226
31,17,-0.43775312207505085,BRD-K79131256-001-17-9,deletion,7500,BRD-K36207157-001-09-6,control,2500,1032,138,894,1170
31,25,-0.43851203178989484,BRD-K79131256-001-17-9,deletion,7500,BRD-K79131256-001-17-9,control,2500,1032,163,869,1195
31,26,-0.45182391157685325,BRD-K79131256-001-17-9,deletion,7500,BRD-K79131256-001-17-9,control,5000,1032,274.5,757.5,1306.5
7,1,-0.4545378498499416,BRD-K15108141-003-04-7,deletion,7500,BRD-K15108141-003-04-7,control,2500,904,158.5,745.5,1062.5
25,24,-0.4674995600014753,BRD-K79131256-001-17-9,control,2500,BRD-K36207157-001-09-6,deletion,10000,163,951.5,788.5,1114.5
25,7,-0.5010752967879524,BRD-K79131256-001-17-9,control,2500,BRD-K15108141-003-04-7,deletion,7500,163,904,741,1067
26,8,-0.502622510487154,BRD-K79131256-001-17-9,control,5000,BRD-K15108141-003-04-7,deletion,10000,274.5,1054,779.5,1328.5
31,1,-0.5212288118360475,BRD-K79131256-001-17-9,deletion,7500,BRD-K15108141-003-04-7,control,2500,1032,158.5,873.5,1190.5
