Metadata_plate_map_name,Metadata_EXPERIMENT_NAME,Metadata_DENSITY,Metadata_LINE_ID,Metadata_GENOTYPE,Metadata_Plate,Metadata_Well,Metadata_Site_Count,Metadata_Object_Count,Nuclei_ObjectSkeleton_NumberBranchEnds_CellImageSkel,Nuclei_ObjectSkeleton_NumberNonTrunkBranches_CellImageSkel,Nuclei_ObjectSkeleton_NumberTrunks_CellImageSkel,Nuclei_ObjectSkeleton_TotalObjectSkeletonLength_CellImageSkel
NCP_2022_03_03_METADATA,2022_03_03_NCP_NEURONS_2,3500,1,DELETION,BR00132672,A01,3,144,-0.95647,-0.8847799999999999,-0.7327199999999999,-0.81801
NCP_2022_03_03_METADATA,2022_03_03_NCP_NEURONS_2,3500,1,DELETION,BR00132672,A02,3,83,-0.64866,-0.46213000000000004,-0.02024,-0.61935
NCP_2022_03_03_METADATA,2022_03_03_NCP_NEURONS_2,3500,30,CONTROL,BR00132672,A03,3,128,1.037,0.84654,0.48818,1.2708
NCP_2022_03_03_METADATA,2022_03_03_NCP_NEURONS_2,3500,30,CONTROL,BR00132672,A04,3,49,-0.033716,-0.019583,0.38911999999999997,-0.29111
NCP_2022_03_03_METADATA,2022_03_03_NCP_NEURONS_2,3500,9,CONTROL,BR00132672,A05,3,171,-0.68095,-0.59527,-0.8442200000000001,-0.52909
NCP_2022_03_03_METADATA,2022_03_03_NCP_NEURONS_2,3500,9,CONTROL,BR00132672,A06,3,69,0.22528,0.27381,0.5317,-0.43013
NCP_2022_03_03_METADATA,2022_03_03_NCP_NEURONS_2,3500,26,CONTROL,BR00132672,A07,3,288,0.57158,0.45245,-1.4379,0.62822
NCP_2022_03_03_METADATA,2022_03_03_NCP_NEURONS_2,3500,26,CONTROL,BR00132672,A08,3,98,0.034723000000000004,0.05260499999999999,-1.0066,0.75335
NCP_2022_03_03_METADATA,2022_03_03_NCP_NEURONS_2,3500,4,DELETION,BR00132672,A09,3,159,0.18636,0.17019,0.69901,-0.008866299999999999
NCP_2022_03_03_METADATA,2022_03_03_NCP_NEURONS_2,3500,4,DELETION,BR00132672,A10,3,31,-1.0316,-1.091,-0.52493,-0.6984100000000001
NCP_2022_03_03_METADATA,2022_03_03_NCP_NEURONS_2,3500,34,DELETION,BR00132672,A11,3,69,0.9776799999999999,0.6479199999999999,-0.048977,1.3685
NCP_2022_03_03_METADATA,2022_03_03_NCP_NEURONS_2,3500,34,DELETION,BR00132672,A12,3,46,-0.8766200000000001,-0.74933,-0.35928000000000004,-0.91566
NCP_2022_03_03_METADATA,2022_03_03_NCP_NEURONS_2,3500,15,DELETION,BR00132672,A13,3,274,0.0416,0.30501999999999996,-1.0284,0.46257
NCP_2022_03_03_METADATA,2022_03_03_NCP_NEURONS_2,3500,15,DELETION,BR00132672,A14,3,170,-0.80466,-0.62772,-0.13878,-0.532
NCP_2022_03_03_METADATA,2022_03_03_NCP_NEURONS_2,3500,36,DELETION,BR00132672,A15,3,205,-0.86798,-0.79155,-0.37406,-0.7791100000000001
NCP_2022_03_03_METADATA,2022_03_03_NCP_NEURONS_2,3500,36,DELETION,BR00132672,A16,3,78,1.0641,1.1814,0.70578,0.52764
NCP_2022_03_03_METADATA,2022_03_03_NCP_NEURONS_2,3500,2,DELETION,BR00132672,A17,3,225,0.28986,0.43096,-1.1099,0.8841899999999999
NCP_2022_03_03_METADATA,2022_03_03_NCP_NEURONS_2,3500,2,DELETION,BR00132672,A18,3,86,1.5821,1.4102,3.3021,1.6757
NCP_2022_03_03_METADATA,2022_03_03_NCP_NEURONS_2,3500,16,DELETION,BR00132672,A19,3,419,-0.8908799999999999,-0.73474,-0.9883200000000001,-0.51803
NCP_2022_03_03_METADATA,2022_03_03_NCP_NEURONS_2,3500,16,DELETION,BR00132672,A20,3,235,0.52587,0.7496,-0.54013,0.68971
NCP_2022_03_03_METADATA,2022_03_03_NCP_NEURONS_2,3500,20,CONTROL,BR00132672,A21,3,204,3.6245,3.6551,0.49371000000000004,2.8939
NCP_2022_03_03_METADATA,2022_03_03_NCP_NEURONS_2,3500,20,CONTROL,BR00132672,A22,3,64,2.546,2.5804,1.7834,2.6079
NCP_2022_03_03_METADATA,2022_03_03_NCP_NEURONS_2,3500,12,CONTROL,BR00132672,A23,3,417,0.30746999999999997,0.70645,-0.47353999999999996,0.0018352
NCP_2022_03_03_METADATA,2022_03_03_NCP_NEURONS_2,3500,12,CONTROL,BR00132672,A24,3,59,-0.51136,-0.6160100000000001,0.32032,-0.37124
NCP_2022_03_03_METADATA,2022_03_03_NCP_NEURONS_2,3500,1,DELETION,BR00132672,B01,3,80,-1.5379,-1.3349,-1.6576,-1.4186
NCP_2022_03_03_METADATA,2022_03_03_NCP_NEURONS_2,3500,1,DELETION,BR00132672,B02,3,62,-0.38228,-0.48206000000000004,0.41095,-0.63503
NCP_2022_03_03_METADATA,2022_03_03_NCP_NEURONS_2,3500,30,CONTROL,BR00132672,B03,3,136,-0.53577,-0.52264,-0.16323,-0.30338000000000004
NCP_2022_03_03_METADATA,2022_03_03_NCP_NEURONS_2,3500,30,CONTROL,BR00132672,B04,3,69,-1.0851,-1.0594,-1.6107,-1.0434
NCP_2022_03_03_METADATA,2022_03_03_NCP_NEURONS_2,3500,9,CONTROL,BR00132672,B05,3,175,-0.88736,-0.81016,-0.7196,-0.85064
NCP_2022_03_03_METADATA,2022_03_03_NCP_NEURONS_2,3500,9,CONTROL,BR00132672,B06,3,65,-1.1684,-1.0311,0.06804299999999999,-1.2784
NCP_2022_03_03_METADATA,2022_03_03_NCP_NEURONS_2,3500,26,CONTROL,BR00132672,B07,3,210,0.5279699999999999,0.3124,0.15412,0.53955
NCP_2022_03_03_METADATA,2022_03_03_NCP_NEURONS_2,3500,26,CONTROL,BR00132672,B08,3,108,0.56504,0.95294,0.0061481,0.72832
NCP_2022_03_03_METADATA,2022_03_03_NCP_NEURONS_2,3500,4,DELETION,BR00132672,B09,3,36,-1.0829,-1.0453,-1.03,-1.0895
NCP_2022_03_03_METADATA,2022_03_03_NCP_NEURONS_2,3500,4,DELETION,BR00132672,B10,3,55,-1.7849,-1.5428,-2.9057,-1.7138
NCP_2022_03_03_METADATA,2022_03_03_NCP_NEURONS_2,3500,34,DELETION,BR00132672,B11,3,51,-0.46263000000000004,-0.36059,-0.24447,-0.7986300000000001
NCP_2022_03_03_METADATA,2022_03_03_NCP_NEURONS_2,3500,34,DELETION,BR00132672,B12,3,66,-1.4256,-1.1458,-2.5164,-1.3853
NCP_2022_03_03_METADATA,2022_03_03_NCP_NEURONS_2,3500,15,DELETION,BR00132672,B13,3,230,-0.8368700000000001,-0.72396,-0.80388,-0.6753100000000001
NCP_2022_03_03_METADATA,2022_03_03_NCP_NEURONS_2,3500,15,DELETION,BR00132672,B14,3,103,1.4788,1.2817,3.3203,0.62345
NCP_2022_03_03_METADATA,2022_03_03_NCP_NEURONS_2,3500,36,DELETION,BR00132672,B15,3,123,-0.21336999999999998,-0.14432999999999999,-0.3561,-0.5551699999999999
NCP_2022_03_03_METADATA,2022_03_03_NCP_NEURONS_2,3500,36,DELETION,BR00132672,B16,3,56,-0.51639,-0.41147,-1.2604,-0.75556
NCP_2022_03_03_METADATA,2022_03_03_NCP_NEURONS_2,3500,2,DELETION,BR00132672,B17,3,127,2.6138,3.1255,1.0513,2.6667
NCP_2022_03_03_METADATA,2022_03_03_NCP_NEURONS_2,3500,2,DELETION,BR00132672,B18,3,58,0.6183,0.3197,1.1693,0.14372000000000001
NCP_2022_03_03_METADATA,2022_03_03_NCP_NEURONS_2,3500,16,DELETION,BR00132672,B19,3,170,0.59842,0.53409,0.19432,0.80316
NCP_2022_03_03_METADATA,2022_03_03_NCP_NEURONS_2,3500,16,DELETION,BR00132672,B20,3,148,1.2181,1.4848,0.29863,1.3282
NCP_2022_03_03_METADATA,2022_03_03_NCP_NEURONS_2,3500,20,CONTROL,BR00132672,B21,3,77,1.0075,0.8457399999999999,-0.15688,1.4298
NCP_2022_03_03_METADATA,2022_03_03_NCP_NEURONS_2,3500,20,CONTROL,BR00132672,B22,3,83,-0.75576,-0.70658,-0.036957,-0.8426
NCP_2022_03_03_METADATA,2022_03_03_NCP_NEURONS_2,3500,12,CONTROL,BR00132672,B23,3,71,-0.47998999999999997,-0.5927100000000001,0.63684,-0.79637
NCP_2022_03_03_METADATA,2022_03_03_NCP_NEURONS_2,3500,12,CONTROL,BR00132672,B24,3,57,-0.6976399999999999,-0.42566000000000004,-0.69072,-0.58272
NCP_2022_03_03_METADATA,2022_03_03_NCP_NEURONS_2,3500,17,CONTROL,BR00132672,C01,3,386,-0.62375,-0.3544,-0.9955,-0.5220600000000001
NCP_2022_03_03_METADATA,2022_03_03_NCP_NEURONS_2,3500,17,CONTROL,BR00132672,C02,3,314,-0.00083871,0.090224,-0.64002,0.20373
NCP_2022_03_03_METADATA,2022_03_03_NCP_NEURONS_2,3500,39,CONTROL,BR00132672,C03,3,277,-0.71039,-0.49077,-1.9462,-0.079105
NCP_2022_03_03_METADATA,2022_03_03_NCP_NEURONS_2,3500,39,CONTROL,BR00132672,C04,3,155,0.7448600000000001,0.62365,0.39313000000000003,1.1449
NCP_2022_03_03_METADATA,2022_03_03_NCP_NEURONS_2,3500,37,DELETION,BR00132672,C05,3,148,1.2504,1.0111,-0.8215600000000001,1.3816
NCP_2022_03_03_METADATA,2022_03_03_NCP_NEURONS_2,3500,37,DELETION,BR00132672,C06,3,91,-0.32282,-0.27341,0.0073915000000000005,-0.29495
NCP_2022_03_03_METADATA,2022_03_03_NCP_NEURONS_2,3500,42,DELETION,BR00132672,C07,3,281,-0.080097,-0.049687,-1.135,0.25903000000000004
NCP_2022_03_03_METADATA,2022_03_03_NCP_NEURONS_2,3500,42,DELETION,BR00132672,C08,3,262,0.48704,0.38056999999999996,-0.35334,0.63823
NCP_2022_03_03_METADATA,2022_03_03_NCP_NEURONS_2,3500,7,CONTROL,BR00132672,C09,3,177,1.4580000000000002,1.2252,0.32032,1.2791
NCP_2022_03_03_METADATA,2022_03_03_NCP_NEURONS_2,3500,7,CONTROL,BR00132672,C10,3,89,-0.30789,-0.29733000000000004,1.0448,-0.5385800000000001
NCP_2022_03_03_METADATA,2022_03_03_NCP_NEURONS_2,3500,29,CONTROL,BR00132672,C11,3,305,-0.5949,-0.25834,-0.99536,-0.0095098
NCP_2022_03_03_METADATA,2022_03_03_NCP_NEURONS_2,3500,29,CONTROL,BR00132672,C12,3,116,-0.56672,-0.67988,1.4195,-0.75003
NCP_2022_03_03_METADATA,2022_03_03_NCP_NEURONS_2,3500,11,CONTROL,BR00132672,C13,3,137,1.4539,1.1682,0.27749,1.2748
NCP_2022_03_03_METADATA,2022_03_03_NCP_NEURONS_2,3500,11,CONTROL,BR00132672,C14,3,102,-0.5423899999999999,-0.52048,-0.78633,-0.5878899999999999
NCP_2022_03_03_METADATA,2022_03_03_NCP_NEURONS_2,3500,38,DELETION,BR00132672,C15,3,103,0.9714799999999999,0.88725,-0.0061481,1.0749
NCP_2022_03_03_METADATA,2022_03_03_NCP_NEURONS_2,3500,38,DELETION,BR00132672,C16,3,59,1.1092,0.9147,0.9993700000000001,0.52549
NCP_2022_03_03_METADATA,2022_03_03_NCP_NEURONS_2,3500,43,CONTROL,BR00132672,C17,3,269,0.67072,0.79274,-0.46691000000000005,0.78123
NCP_2022_03_03_METADATA,2022_03_03_NCP_NEURONS_2,3500,43,CONTROL,BR00132672,C18,3,58,7.6129999999999995,8.8324,4.8139,5.1133
NCP_2022_03_03_METADATA,2022_03_03_NCP_NEURONS_2,3500,18,DELETION,BR00132672,C19,3,200,0.049484,0.14181,-0.40376999999999996,0.22161
NCP_2022_03_03_METADATA,2022_03_03_NCP_NEURONS_2,3500,18,DELETION,BR00132672,C20,3,110,-0.0022645,-0.076034,1.013,-0.13926
NCP_2022_03_03_METADATA,2022_03_03_NCP_NEURONS_2,3500,6,CONTROL,BR00132672,C21,3,148,1.1105,0.9905200000000001,-0.8590000000000001,1.2827
NCP_2022_03_03_METADATA,2022_03_03_NCP_NEURONS_2,3500,6,CONTROL,BR00132672,C22,3,74,0.093852,-0.03815,0.79338,-0.23021
NCP_2022_03_03_METADATA,2022_03_03_NCP_NEURONS_2,3500,29,CONTROL,BR00132672,C23,3,320,0.1279,1.0188,-0.26727,0.081059
NCP_2022_03_03_METADATA,2022_03_03_NCP_NEURONS_2,3500,29,CONTROL,BR00132672,C24,3,148,-0.64346,-0.6412,1.0921,-0.8272299999999999
NCP_2022_03_03_METADATA,2022_03_03_NCP_NEURONS_2,3500,17,CONTROL,BR00132672,D01,3,241,0.033968,0.063479,-0.71863,0.092833
NCP_2022_03_03_METADATA,2022_03_03_NCP_NEURONS_2,3500,17,CONTROL,BR00132672,D02,3,76,-1.0272,-0.9162100000000001,-0.9695299999999999,-1.0824
NCP_2022_03_03_METADATA,2022_03_03_NCP_NEURONS_2,3500,39,CONTROL,BR00132672,D03,3,249,-0.33104,-0.27713000000000004,-0.88028,-0.12777
NCP_2022_03_03_METADATA,2022_03_03_NCP_NEURONS_2,3500,39,CONTROL,BR00132672,D04,3,132,-0.57477,-0.6039399999999999,0.12122999999999999,-0.91627
NCP_2022_03_03_METADATA,2022_03_03_NCP_NEURONS_2,3500,37,DELETION,BR00132672,D05,3,213,0.00083871,0.003978499999999999,-0.7770699999999999,0.12568
NCP_2022_03_03_METADATA,2022_03_03_NCP_NEURONS_2,3500,37,DELETION,BR00132672,D06,3,59,-1.6784,-1.4589,-2.3727,-1.6380000000000001
NCP_2022_03_03_METADATA,2022_03_03_NCP_NEURONS_2,3500,42,DELETION,BR00132672,D07,3,346,-0.46413999999999994,-0.34326,-0.84104,-0.20171
NCP_2022_03_03_METADATA,2022_03_03_NCP_NEURONS_2,3500,42,DELETION,BR00132672,D08,3,162,0.74368,0.76657,0.6414,0.38225
NCP_2022_03_03_METADATA,2022_03_03_NCP_NEURONS_2,3500,7,CONTROL,BR00132672,D09,3,97,-1.1881,-1.0932,-0.95419,-1.2112
NCP_2022_03_03_METADATA,2022_03_03_NCP_NEURONS_2,3500,7,CONTROL,BR00132672,D10,3,68,-1.2795,-1.202,-1.5245,-1.2218
NCP_2022_03_03_METADATA,2022_03_03_NCP_NEURONS_2,3500,29,CONTROL,BR00132672,D11,3,208,-1.0824,-0.8859299999999999,0.24074,-1.0306
NCP_2022_03_03_METADATA,2022_03_03_NCP_NEURONS_2,3500,29,CONTROL,BR00132672,D12,3,131,-1.1520000000000001,-1.0383,0.7276100000000001,-1.2151
NCP_2022_03_03_METADATA,2022_03_03_NCP_NEURONS_2,3500,11,CONTROL,BR00132672,D13,3,87,-1.3112,-1.1724,-0.91896,-1.3379
NCP_2022_03_03_METADATA,2022_03_03_NCP_NEURONS_2,3500,11,CONTROL,BR00132672,D14,3,65,-1.1981,-1.1392,-0.54828,-1.2481
NCP_2022_03_03_METADATA,2022_03_03_NCP_NEURONS_2,3500,38,DELETION,BR00132672,D15,3,88,0.15499000000000002,-0.046681,0.1526,-0.27249
NCP_2022_03_03_METADATA,2022_03_03_NCP_NEURONS_2,3500,38,DELETION,BR00132672,D16,3,87,-0.99303,-0.89238,-0.80774,-0.9930399999999999
NCP_2022_03_03_METADATA,2022_03_03_NCP_NEURONS_2,3500,43,CONTROL,BR00132672,D17,3,132,2.7089,2.8373,1.3877,1.9641
NCP_2022_03_03_METADATA,2022_03_03_NCP_NEURONS_2,3500,43,CONTROL,BR00132672,D18,3,102,3.1027,3.4597,1.9633,2.3795
NCP_2022_03_03_METADATA,2022_03_03_NCP_NEURONS_2,3500,18,DELETION,BR00132672,D19,3,133,0.83125,1.0619,0.67705,0.68161
NCP_2022_03_03_METADATA,2022_03_03_NCP_NEURONS_2,3500,18,DELETION,BR00132672,D20,3,111,-0.6599,-0.5646399999999999,0.2022,-0.74917
NCP_2022_03_03_METADATA,2022_03_03_NCP_NEURONS_2,3500,6,CONTROL,BR00132672,D21,3,62,-0.45533999999999997,-0.57905,-0.94839,-0.6572899999999999
NCP_2022_03_03_METADATA,2022_03_03_NCP_NEURONS_2,3500,6,CONTROL,BR00132672,D22,3,86,-0.84341,-0.77342,-0.4571,-0.90979
NCP_2022_03_03_METADATA,2022_03_03_NCP_NEURONS_2,3500,29,CONTROL,BR00132672,D23,3,143,1.7532,2.0664,1.7105,1.1123
NCP_2022_03_03_METADATA,2022_03_03_NCP_NEURONS_2,3500,29,CONTROL,BR00132672,D24,3,123,2.4576,3.7903,0.87945,1.6528
NCP_2022_03_03_METADATA,2022_03_03_NCP_NEURONS_2,3500,27,CONTROL,BR00132672,E01,3,191,-0.58768,-0.47229,-0.98182,-0.4634
NCP_2022_03_03_METADATA,2022_03_03_NCP_NEURONS_2,3500,27,CONTROL,BR00132672,E02,3,232,-0.31653000000000003,-0.07263,-0.73632,-0.10151
NCP_2022_03_03_METADATA,2022_03_03_NCP_NEURONS_2,3500,41,CONTROL,BR00132672,E03,3,82,1.5265,1.4701,0.40764,0.98716
NCP_2022_03_03_METADATA,2022_03_03_NCP_NEURONS_2,3500,41,CONTROL,BR00132672,E04,3,106,0.69965,0.65783,1.7374,0.16851
NCP_2022_03_03_METADATA,2022_03_03_NCP_NEURONS_2,3500,32,CONTROL,BR00132672,E05,3,135,0.13579000000000002,0.124,0.12635,-0.0081036
NCP_2022_03_03_METADATA,2022_03_03_NCP_NEURONS_2,3500,32,CONTROL,BR00132672,E06,3,146,-0.35259,-0.48578000000000005,0.4524,-0.3767
NCP_2022_03_03_METADATA,2022_03_03_NCP_NEURONS_2,3500,46,CONTROL,BR00132672,E07,3,436,-0.31334,0.39542,-0.86425,0.01206
NCP_2022_03_03_METADATA,2022_03_03_NCP_NEURONS_2,3500,46,CONTROL,BR00132672,E08,3,201,0.95085,1.004,1.5544,0.71092
NCP_2022_03_03_METADATA,2022_03_03_NCP_NEURONS_2,3500,1,DELETION,BR00132672,E09,3,149,0.1747,0.12479000000000001,0.28343,0.083348
NCP_2022_03_03_METADATA,2022_03_03_NCP_NEURONS_2,3500,1,DELETION,BR00132672,E10,3,74,0.74897,0.89791,1.1107,0.32576
NCP_2022_03_03_METADATA,2022_03_03_NCP_NEURONS_2,3500,33,DELETION,BR00132672,E11,3,266,1.1903,1.1508,-1.7642,1.1943
NCP_2022_03_03_METADATA,2022_03_03_NCP_NEURONS_2,3500,33,DELETION,BR00132672,E12,3,84,2.0626,2.0117,1.4206,1.5539
NCP_2022_03_03_METADATA,2022_03_03_NCP_NEURONS_2,3500,14,CONTROL,BR00132672,E13,3,402,0.41525,0.8260299999999999,-1.5457,1.0084
NCP_2022_03_03_METADATA,2022_03_03_NCP_NEURONS_2,3500,14,CONTROL,BR00132672,E14,3,136,1.6745,1.7269,1.4114,1.1964
NCP_2022_03_03_METADATA,2022_03_03_NCP_NEURONS_2,3500,9,CONTROL,BR00132672,E15,3,106,3.6746,2.9217,-0.17857,2.9952
NCP_2022_03_03_METADATA,2022_03_03_NCP_NEURONS_2,3500,9,CONTROL,BR00132672,E16,3,105,2.2561,2.3442,1.8384,1.5484
NCP_2022_03_03_METADATA,2022_03_03_NCP_NEURONS_2,3500,23,DELETION,BR00132672,E17,3,522,-0.63381,-0.41045,-0.9479799999999999,-0.2857
NCP_2022_03_03_METADATA,2022_03_03_NCP_NEURONS_2,3500,23,DELETION,BR00132672,E18,3,222,-0.32743,-0.08377000000000001,-0.4513,-0.23538
NCP_2022_03_03_METADATA,2022_03_03_NCP_NEURONS_2,3500,22,CONTROL,BR00132672,E19,3,375,-0.42396999999999996,-0.15118,-2.4485,0.21613000000000002
NCP_2022_03_03_METADATA,2022_03_03_NCP_NEURONS_2,3500,22,CONTROL,BR00132672,E20,3,137,0.93105,1.0572,0.32792,0.6794600000000001
NCP_2022_03_03_METADATA,2022_03_03_NCP_NEURONS_2,3500,3,CONTROL,BR00132672,E21,3,260,1.7955,2.4483,0.34975,1.8785
NCP_2022_03_03_METADATA,2022_03_03_NCP_NEURONS_2,3500,3,CONTROL,BR00132672,E22,3,89,-0.21454,-0.38919000000000004,2.0539,-0.52108
NCP_2022_03_03_METADATA,2022_03_03_NCP_NEURONS_2,3500,28,CONTROL,BR00132672,E23,3,259,2.3669,2.4684,-1.2417,3.0917
NCP_2022_03_03_METADATA,2022_03_03_NCP_NEURONS_2,3500,28,CONTROL,BR00132672,E24,3,99,5.9968,6.6575,0.47713,5.0961
NCP_2022_03_03_METADATA,2022_03_03_NCP_NEURONS_2,3500,27,CONTROL,BR00132672,F01,3,187,-0.60823,-0.45647,-1.4118,-0.10775
NCP_2022_03_03_METADATA,2022_03_03_NCP_NEURONS_2,3500,27,CONTROL,BR00132672,F02,3,69,-1.2091,-1.1049,-0.3894,-1.2348
NCP_2022_03_03_METADATA,2022_03_03_NCP_NEURONS_2,3500,41,CONTROL,BR00132672,F03,3,107,-1.085,-1.0433,-0.14348,-1.0336
NCP_2022_03_03_METADATA,2022_03_03_NCP_NEURONS_2,3500,41,CONTROL,BR00132672,F04,3,62,-1.0371,-0.81502,-1.8843,-1.0277
NCP_2022_03_03_METADATA,2022_03_03_NCP_NEURONS_2,3500,32,CONTROL,BR00132672,F05,3,131,-0.33505999999999997,-0.40351,-0.55906,-0.36225
NCP_2022_03_03_METADATA,2022_03_03_NCP_NEURONS_2,3500,32,CONTROL,BR00132672,F06,3,119,-1.2565,-1.1241,-1.452,-1.232
NCP_2022_03_03_METADATA,2022_03_03_NCP_NEURONS_2,3500,46,CONTROL,BR00132672,F07,3,248,0.79359,0.9464,1.7591,0.52668
NCP_2022_03_03_METADATA,2022_03_03_NCP_NEURONS_2,3500,46,CONTROL,BR00132672,F08,3,166,0.23811,0.14928,1.2032,0.24377
NCP_2022_03_03_METADATA,2022_03_03_NCP_NEURONS_2,3500,1,DELETION,BR00132672,F09,3,106,-0.45718000000000003,-0.41726,-0.12635,-0.5643699999999999
NCP_2022_03_03_METADATA,2022_03_03_NCP_NEURONS_2,3500,1,DELETION,BR00132672,F10,3,66,-1.6263,-1.4619,-1.7,-1.5942
NCP_2022_03_03_METADATA,2022_03_03_NCP_NEURONS_2,3500,33,DELETION,BR00132672,F11,3,156,-0.7004100000000001,-0.6834600000000001,-0.32156,-0.7964399999999999
NCP_2022_03_03_METADATA,2022_03_03_NCP_NEURONS_2,3500,33,DELETION,BR00132672,F12,3,124,0.66409,0.78063,1.2577,0.3322
NCP_2022_03_03_METADATA,2022_03_03_NCP_NEURONS_2,3500,14,CONTROL,BR00132672,F13,3,147,0.38505,0.19755999999999999,-0.14665999999999998,0.12650999999999998
NCP_2022_03_03_METADATA,2022_03_03_NCP_NEURONS_2,3500,14,CONTROL,BR00132672,F14,3,96,-1.0115,-1.0085,-0.20979,-1.2212
NCP_2022_03_03_METADATA,2022_03_03_NCP_NEURONS_2,3500,9,CONTROL,BR00132672,F15,3,114,-0.040594,-0.16007000000000002,-0.14540999999999998,-0.29044000000000003
NCP_2022_03_03_METADATA,2022_03_03_NCP_NEURONS_2,3500,9,CONTROL,BR00132672,F16,3,87,0.0095613,-0.067723,0.8279200000000001,0.048836000000000004
NCP_2022_03_03_METADATA,2022_03_03_NCP_NEURONS_2,3500,23,DELETION,BR00132672,F17,3,226,0.19525,0.08368099999999999,-0.20883000000000002,0.14277
NCP_2022_03_03_METADATA,2022_03_03_NCP_NEURONS_2,3500,23,DELETION,BR00132672,F18,3,106,2.9839,2.7847,1.19,2.1979
NCP_2022_03_03_METADATA,2022_03_03_NCP_NEURONS_2,3500,22,CONTROL,BR00132672,F19,3,170,1.7667,1.6426,-0.016924,1.8161
NCP_2022_03_03_METADATA,2022_03_03_NCP_NEURONS_2,3500,22,CONTROL,BR00132672,F20,3,108,1.3299,1.0749,0.24916999999999997,1.0422
NCP_2022_03_03_METADATA,2022_03_03_NCP_NEURONS_2,3500,3,CONTROL,BR00132672,F21,3,130,-0.53996,-0.5818399999999999,0.6100399999999999,-0.6684
NCP_2022_03_03_METADATA,2022_03_03_NCP_NEURONS_2,3500,3,CONTROL,BR00132672,F22,3,85,-0.7760600000000001,-0.85083,-0.48832,-1.0222
NCP_2022_03_03_METADATA,2022_03_03_NCP_NEURONS_2,3500,28,CONTROL,BR00132672,F23,3,154,2.3058,2.0011,0.40833,2.3335
NCP_2022_03_03_METADATA,2022_03_03_NCP_NEURONS_2,3500,28,CONTROL,BR00132672,F24,3,109,2.224,1.9351,-0.011812999999999999,2.5936
NCP_2022_03_03_METADATA,2022_03_03_NCP_NEURONS_2,3500,5,CONTROL,BR00132672,G01,3,122,-0.40669,-0.34856,-0.50159,-0.080464
NCP_2022_03_03_METADATA,2022_03_03_NCP_NEURONS_2,3500,5,CONTROL,BR00132672,G02,3,59,-0.46297,-0.54484,-0.28854,-0.57693
NCP_2022_03_03_METADATA,2022_03_03_NCP_NEURONS_2,3500,35,DELETION,BR00132672,G03,3,145,-0.1669,-0.25361,-0.72195,-0.09314299999999999
NCP_2022_03_03_METADATA,2022_03_03_NCP_NEURONS_2,3500,35,DELETION,BR00132672,G04,3,97,-0.35377,-0.39639,0.7551100000000001,-0.45343999999999995
NCP_2022_03_03_METADATA,2022_03_03_NCP_NEURONS_2,3500,13,DELETION,BR00132672,G05,3,464,-0.94573,-0.5914699999999999,-2.0792,-0.42467
NCP_2022_03_03_METADATA,2022_03_03_NCP_NEURONS_2,3500,13,DELETION,BR00132672,G06,3,189,0.1825,0.17678,-0.094431,0.44183999999999996
NCP_2022_03_03_METADATA,2022_03_03_NCP_NEURONS_2,3500,19,CONTROL,BR00132672,G07,3,175,1.8608,1.3873,0.069977,1.6333
NCP_2022_03_03_METADATA,2022_03_03_NCP_NEURONS_2,3500,19,CONTROL,BR00132672,G08,3,92,0.41793,0.27363000000000004,0.64679,0.04967
NCP_2022_03_03_METADATA,2022_03_03_NCP_NEURONS_2,3500,24,CONTROL,BR00132672,G09,3,240,-0.35821,-0.39144,-0.22416,-0.27881
NCP_2022_03_03_METADATA,2022_03_03_NCP_NEURONS_2,3500,24,CONTROL,BR00132672,G10,3,223,-1.1084,-0.94521,-0.6129399999999999,-1.1741
NCP_2022_03_03_METADATA,2022_03_03_NCP_NEURONS_2,3500,17,CONTROL,BR00132672,G11,3,190,0.27015,0.19893,-1.1367,0.39131
NCP_2022_03_03_METADATA,2022_03_03_NCP_NEURONS_2,3500,17,CONTROL,BR00132672,G12,3,192,-0.53015,-0.5577,0.5458,-0.68923
NCP_2022_03_03_METADATA,2022_03_03_NCP_NEURONS_2,3500,21,CONTROL,BR00132672,G13,3,189,3.0208,2.8134,0.48307,2.7385
NCP_2022_03_03_METADATA,2022_03_03_NCP_NEURONS_2,3500,21,CONTROL,BR00132672,G14,3,78,-0.088568,-0.19013,0.22748000000000002,-0.34524
NCP_2022_03_03_METADATA,2022_03_03_NCP_NEURONS_2,3500,28,CONTROL,BR00132672,G15,3,151,3.3519,3.125,-0.6519,4.2867
NCP_2022_03_03_METADATA,2022_03_03_NCP_NEURONS_2,3500,28,CONTROL,BR00132672,G16,3,84,5.061,4.9879,0.071912,4.1418
NCP_2022_03_03_METADATA,2022_03_03_NCP_NEURONS_2,3500,31,CONTROL,BR00132672,G17,3,155,1.4282,1.1869,-0.8637,2.0096
NCP_2022_03_03_METADATA,2022_03_03_NCP_NEURONS_2,3500,31,CONTROL,BR00132672,G18,3,132,1.5773,1.4098,0.92711,1.021
NCP_2022_03_03_METADATA,2022_03_03_NCP_NEURONS_2,3500,10,CONTROL,BR00132672,G19,3,136,1.0047,0.7385,1.1371,0.5776899999999999
NCP_2022_03_03_METADATA,2022_03_03_NCP_NEURONS_2,3500,10,CONTROL,BR00132672,G20,3,170,-0.0020129,-0.027805,0.37324,-0.26849
NCP_2022_03_03_METADATA,2022_03_03_NCP_NEURONS_2,3500,45,DELETION,BR00132672,G21,3,194,1.0158,1.0843,-1.4313,1.3583
NCP_2022_03_03_METADATA,2022_03_03_NCP_NEURONS_2,3500,45,DELETION,BR00132672,G22,3,117,0.33825,0.14256,0.0563,0.14174
NCP_2022_03_03_METADATA,2022_03_03_NCP_NEURONS_2,3500,11,CONTROL,BR00132672,G23,3,230,-0.05325800000000001,0.18186,0.7459899999999999,0.11273
NCP_2022_03_03_METADATA,2022_03_03_NCP_NEURONS_2,3500,11,CONTROL,BR00132672,G24,3,110,0.6344,0.7088399999999999,-0.25551999999999997,0.67255
NCP_2022_03_03_METADATA,2022_03_03_NCP_NEURONS_2,3500,5,CONTROL,BR00132672,H01,3,154,-0.46246000000000004,-0.28035,-0.11198,-0.11087999999999999
NCP_2022_03_03_METADATA,2022_03_03_NCP_NEURONS_2,3500,5,CONTROL,BR00132672,H02,3,86,1.0681,1.1937,0.13726,0.76336
NCP_2022_03_03_METADATA,2022_03_03_NCP_NEURONS_2,3500,35,DELETION,BR00132672,H03,3,98,-0.80994,-0.74129,-1.1053,-0.49367
NCP_2022_03_03_METADATA,2022_03_03_NCP_NEURONS_2,3500,35,DELETION,BR00132672,H04,3,164,-1.4371,-1.2286,-1.2519,-1.3597
NCP_2022_03_03_METADATA,2022_03_03_NCP_NEURONS_2,3500,13,DELETION,BR00132672,H05,3,450,-1.2359,-0.90445,-2.3749,-0.54523
NCP_2022_03_03_METADATA,2022_03_03_NCP_NEURONS_2,3500,13,DELETION,BR00132672,H06,3,229,-0.63457,-0.5291399999999999,-1.2392,-0.16829000000000002
NCP_2022_03_03_METADATA,2022_03_03_NCP_NEURONS_2,3500,19,CONTROL,BR00132672,H07,3,217,0.37759000000000004,0.34458,-0.20661999999999997,0.27643
NCP_2022_03_03_METADATA,2022_03_03_NCP_NEURONS_2,3500,19,CONTROL,BR00132672,H08,3,125,1.2047,1.5013,0.6683399999999999,0.75668
NCP_2022_03_03_METADATA,2022_03_03_NCP_NEURONS_2,3500,24,CONTROL,BR00132672,H09,3,185,-0.10719000000000001,-0.15406,0.19225,-0.39429000000000003
NCP_2022_03_03_METADATA,2022_03_03_NCP_NEURONS_2,3500,24,CONTROL,BR00132672,H10,3,143,-0.51782,-0.55814,0.38691,-0.6302399999999999
NCP_2022_03_03_METADATA,2022_03_03_NCP_NEURONS_2,3500,17,CONTROL,BR00132672,H11,3,190,1.1044,0.81458,-0.082412,0.83176
NCP_2022_03_03_METADATA,2022_03_03_NCP_NEURONS_2,3500,17,CONTROL,BR00132672,H12,3,174,-0.9033700000000001,-0.82965,0.44673999999999997,-0.88999
NCP_2022_03_03_METADATA,2022_03_03_NCP_NEURONS_2,3500,21,CONTROL,BR00132672,H13,3,135,0.031368,-0.02502,-0.098853,-0.27352
NCP_2022_03_03_METADATA,2022_03_03_NCP_NEURONS_2,3500,21,CONTROL,BR00132672,H14,3,100,-0.14426,-0.17139000000000001,-0.12745,-0.25811999999999996
NCP_2022_03_03_METADATA,2022_03_03_NCP_NEURONS_2,3500,28,CONTROL,BR00132672,H15,3,149,2.4026,1.9577,0.7842600000000001,2.1736
NCP_2022_03_03_METADATA,2022_03_03_NCP_NEURONS_2,3500,28,CONTROL,BR00132672,H16,3,95,-0.19910999999999998,-0.38318,0.6957,-0.3394
NCP_2022_03_03_METADATA,2022_03_03_NCP_NEURONS_2,3500,31,CONTROL,BR00132672,H17,3,155,0.36065,0.22066999999999998,0.25939,0.38964
NCP_2022_03_03_METADATA,2022_03_03_NCP_NEURONS_2,3500,31,CONTROL,BR00132672,H18,3,105,1.5348,1.1578,0.82515,1.1259
NCP_2022_03_03_METADATA,2022_03_03_NCP_NEURONS_2,3500,10,CONTROL,BR00132672,H19,3,98,2.5808,2.6993,1.1927,1.9775
NCP_2022_03_03_METADATA,2022_03_03_NCP_NEURONS_2,3500,10,CONTROL,BR00132672,H20,3,92,0.46892,0.25006999999999996,1.9083,-0.035251
NCP_2022_03_03_METADATA,2022_03_03_NCP_NEURONS_2,3500,45,DELETION,BR00132672,H21,3,93,0.5465899999999999,0.28084000000000003,0.54469,0.62202
NCP_2022_03_03_METADATA,2022_03_03_NCP_NEURONS_2,3500,45,DELETION,BR00132672,H22,3,108,1.5762,1.8645,1.0166,1.598
NCP_2022_03_03_METADATA,2022_03_03_NCP_NEURONS_2,3500,11,CONTROL,BR00132672,H23,3,127,-0.30646,-0.3471,0.039582,-0.31203000000000003
NCP_2022_03_03_METADATA,2022_03_03_NCP_NEURONS_2,3500,11,CONTROL,BR00132672,H24,3,104,0.6692100000000001,0.59837,0.58614,0.43468
NCP_2022_03_03_METADATA,2022_03_03_NCP_NEURONS_2,3500,24,CONTROL,BR00132672,I01,3,224,-0.45911,-0.37593000000000004,-1.0136,-0.04936
NCP_2022_03_03_METADATA,2022_03_03_NCP_NEURONS_2,3500,24,CONTROL,BR00132672,I02,3,138,-0.044032,0.068475,0.67193,-0.30629
NCP_2022_03_03_METADATA,2022_03_03_NCP_NEURONS_2,3500,38,DELETION,BR00132672,I03,3,197,-0.05325800000000001,-0.022765999999999998,-0.19791,0.0074362
NCP_2022_03_03_METADATA,2022_03_03_NCP_NEURONS_2,3500,38,DELETION,BR00132672,I04,3,77,-0.47396000000000005,-0.38225,0.39935,-0.47548999999999997
NCP_2022_03_03_METADATA,2022_03_03_NCP_NEURONS_2,3500,44,DELETION,BR00132672,I05,3,171,0.23526,0.28473000000000004,-1.6603,0.50333
NCP_2022_03_03_METADATA,2022_03_03_NCP_NEURONS_2,3500,44,DELETION,BR00132672,I06,3,62,-0.47563,-0.49135,-0.1461,-0.33029000000000003
NCP_2022_03_03_METADATA,2022_03_03_NCP_NEURONS_2,3500,47,DELETION,BR00132672,I07,3,445,-0.0068774,0.21506,-1.9666,0.4814
NCP_2022_03_03_METADATA,2022_03_03_NCP_NEURONS_2,3500,47,DELETION,BR00132672,I08,3,254,0.76339,0.58838,0.072326,1.1662
NCP_2022_03_03_METADATA,2022_03_03_NCP_NEURONS_2,3500,20,CONTROL,BR00132672,I09,3,244,1.0604,0.8752700000000001,0.98196,0.93639
NCP_2022_03_03_METADATA,2022_03_03_NCP_NEURONS_2,3500,20,CONTROL,BR00132672,I10,3,68,-0.62702,-0.79637,0.9338799999999999,-0.6755
NCP_2022_03_03_METADATA,2022_03_03_NCP_NEURONS_2,3500,12,CONTROL,BR00132672,I11,3,234,0.70276,0.70345,0.52272,0.6875600000000001
NCP_2022_03_03_METADATA,2022_03_03_NCP_NEURONS_2,3500,12,CONTROL,BR00132672,I12,3,88,1.0689,1.4387,0.43527,0.5386
NCP_2022_03_03_METADATA,2022_03_03_NCP_NEURONS_2,3500,47,DELETION,BR00132672,I13,3,432,0.38103000000000004,0.7713,-1.3275,0.9947799999999999
NCP_2022_03_03_METADATA,2022_03_03_NCP_NEURONS_2,3500,47,DELETION,BR00132672,I14,3,224,0.99664,0.75959,-0.16254000000000002,1.1611
NCP_2022_03_03_METADATA,2022_03_03_NCP_NEURONS_2,3500,5,CONTROL,BR00132672,I15,3,161,0.6609,0.45519,1.5843,0.35889
NCP_2022_03_03_METADATA,2022_03_03_NCP_NEURONS_2,3500,5,CONTROL,BR00132672,I16,3,77,-0.66887,-0.63139,-0.37213,-0.60505
NCP_2022_03_03_METADATA,2022_03_03_NCP_NEURONS_2,3500,40,CONTROL,BR00132672,I17,3,169,0.14703,0.1129,1.2699,-0.030293
NCP_2022_03_03_METADATA,2022_03_03_NCP_NEURONS_2,3500,40,CONTROL,BR00132672,I18,3,141,-0.59741,-0.57976,-0.079648,-0.80712
NCP_2022_03_03_METADATA,2022_03_03_NCP_NEURONS_2,3500,27,CONTROL,BR00132672,I19,3,234,0.33825,0.28725,-1.6205,0.6086699999999999
NCP_2022_03_03_METADATA,2022_03_03_NCP_NEURONS_2,3500,27,CONTROL,BR00132672,I20,3,190,0.70896,0.8850399999999999,-1.1149,1.051
NCP_2022_03_03_METADATA,2022_03_03_NCP_NEURONS_2,3500,42,DELETION,BR00132672,I21,3,279,0.45701,0.39997,0.96552,0.48712
NCP_2022_03_03_METADATA,2022_03_03_NCP_NEURONS_2,3500,42,DELETION,BR00132672,I22,3,288,-0.23861,-0.25224,0.23631999999999997,-0.30253
NCP_2022_03_03_METADATA,2022_03_03_NCP_NEURONS_2,3500,19,CONTROL,BR00132672,I23,3,142,0.64874,0.50063,-0.11225,0.70329
NCP_2022_03_03_METADATA,2022_03_03_NCP_NEURONS_2,3500,19,CONTROL,BR00132672,I24,3,119,1.2956,1.2218,-0.035438,1.3723
NCP_2022_03_03_METADATA,2022_03_03_NCP_NEURONS_2,3500,24,CONTROL,BR00132672,J01,3,159,-0.77153,-0.67807,0.40363000000000004,-0.99426
NCP_2022_03_03_METADATA,2022_03_03_NCP_NEURONS_2,3500,24,CONTROL,BR00132672,J02,3,93,0.46179,0.59267,0.11377000000000001,0.1472
NCP_2022_03_03_METADATA,2022_03_03_NCP_NEURONS_2,3500,38,DELETION,BR00132672,J03,3,147,-1.0145,-0.8531700000000001,-0.16545,-0.98213
NCP_2022_03_03_METADATA,2022_03_03_NCP_NEURONS_2,3500,38,DELETION,BR00132672,J04,3,95,-0.98129,-0.95741,0.026733999999999997,-1.262
NCP_2022_03_03_METADATA,2022_03_03_NCP_NEURONS_2,3500,44,DELETION,BR00132672,J05,3,91,-0.68598,-0.7169300000000001,-0.20523000000000002,-0.82485
NCP_2022_03_03_METADATA,2022_03_03_NCP_NEURONS_2,3500,44,DELETION,BR00132672,J06,3,64,-1.0474,-0.94242,-0.87185,-1.031
NCP_2022_03_03_METADATA,2022_03_03_NCP_NEURONS_2,3500,47,DELETION,BR00132672,J07,3,259,1.4515,1.1612,0.94535,1.2598
NCP_2022_03_03_METADATA,2022_03_03_NCP_NEURONS_2,3500,47,DELETION,BR00132672,J08,3,148,0.76541,0.8062199999999999,0.45724,0.8839600000000001
NCP_2022_03_03_METADATA,2022_03_03_NCP_NEURONS_2,3500,20,CONTROL,BR00132672,J09,3,176,-0.021806,0.0063214,0.96898,-0.34412
NCP_2022_03_03_METADATA,2022_03_03_NCP_NEURONS_2,3500,20,CONTROL,BR00132672,J10,3,98,0.7690100000000001,0.74049,1.4746,0.069262
NCP_2022_03_03_METADATA,2022_03_03_NCP_NEURONS_2,3500,12,CONTROL,BR00132672,J11,3,115,-0.49483999999999995,-0.43413999999999997,0.33150999999999997,-0.68709
NCP_2022_03_03_METADATA,2022_03_03_NCP_NEURONS_2,3500,12,CONTROL,BR00132672,J12,3,70,-0.64581,-0.6904,1.2463,-0.5539
NCP_2022_03_03_METADATA,2022_03_03_NCP_NEURONS_2,3500,47,DELETION,BR00132672,J13,3,246,0.99421,1.02,0.18299,1.1535
NCP_2022_03_03_METADATA,2022_03_03_NCP_NEURONS_2,3500,47,DELETION,BR00132672,J14,3,183,0.4368,0.26466,0.6987399999999999,0.32123
NCP_2022_03_03_METADATA,2022_03_03_NCP_NEURONS_2,3500,5,CONTROL,BR00132672,J15,3,96,-0.74243,-0.69721,-0.39686,-0.75037
NCP_2022_03_03_METADATA,2022_03_03_NCP_NEURONS_2,3500,5,CONTROL,BR00132672,J16,3,54,1.135,1.5522,0.42822,0.7481
NCP_2022_03_03_METADATA,2022_03_03_NCP_NEURONS_2,3500,40,CONTROL,BR00132672,J17,3,100,1.5508,1.4236,1.5305,0.93043
NCP_2022_03_03_METADATA,2022_03_03_NCP_NEURONS_2,3500,40,CONTROL,BR00132672,J18,3,118,1.3346,1.1481,3.9499,0.44732
NCP_2022_03_03_METADATA,2022_03_03_NCP_NEURONS_2,3500,27,CONTROL,BR00132672,J19,3,160,-0.6332300000000001,-0.56707,0.22485,-0.6523800000000001
NCP_2022_03_03_METADATA,2022_03_03_NCP_NEURONS_2,3500,27,CONTROL,BR00132672,J20,3,113,0.60874,0.8105100000000001,1.3256,0.56196
NCP_2022_03_03_METADATA,2022_03_03_NCP_NEURONS_2,3500,42,DELETION,BR00132672,J21,3,237,0.07145800000000001,0.073426,-0.09153,0.19422
NCP_2022_03_03_METADATA,2022_03_03_NCP_NEURONS_2,3500,42,DELETION,BR00132672,J22,3,209,0.32995,0.43396999999999997,0.32281,0.36723
NCP_2022_03_03_METADATA,2022_03_03_NCP_NEURONS_2,3500,19,CONTROL,BR00132672,J23,3,118,-0.24054,-0.28672,0.25,-0.25233
NCP_2022_03_03_METADATA,2022_03_03_NCP_NEURONS_2,3500,19,CONTROL,BR00132672,J24,3,120,0.8065899999999999,0.7479600000000001,0.23631999999999997,0.5011800000000001
NCP_2022_03_03_METADATA,2022_03_03_NCP_NEURONS_2,3500,6,CONTROL,BR00132672,K01,3,117,-0.051664999999999996,-0.16537000000000002,-0.32156,0.029006
NCP_2022_03_03_METADATA,2022_03_03_NCP_NEURONS_2,3500,6,CONTROL,BR00132672,K02,3,61,-1.6311,-1.3896,-3.0610000000000004,-1.2930000000000001
NCP_2022_03_03_METADATA,2022_03_03_NCP_NEURONS_2,3500,40,CONTROL,BR00132672,K03,3,413,-1.3602,-1.0612,-0.6029899999999999,-1.1759
NCP_2022_03_03_METADATA,2022_03_03_NCP_NEURONS_2,3500,40,CONTROL,BR00132672,K04,3,139,-0.2158,0.33361999999999997,-0.5994,-0.17561
NCP_2022_03_03_METADATA,2022_03_03_NCP_NEURONS_2,3500,41,CONTROL,BR00132672,K05,3,193,-0.6131,-0.5707399999999999,0.38249,-0.49491
NCP_2022_03_03_METADATA,2022_03_03_NCP_NEURONS_2,3500,41,CONTROL,BR00132672,K06,3,84,-0.39663000000000004,-0.4017,0.51595,-0.60324
NCP_2022_03_03_METADATA,2022_03_03_NCP_NEURONS_2,3500,2,DELETION,BR00132672,K07,3,414,-0.32542,-0.21877,-1.0401,-0.019758
NCP_2022_03_03_METADATA,2022_03_03_NCP_NEURONS_2,3500,2,DELETION,BR00132672,K08,3,84,0.68179,0.47291000000000005,1.9140000000000001,0.35174
NCP_2022_03_03_METADATA,2022_03_03_NCP_NEURONS_2,3500,26,CONTROL,BR00132672,K09,3,440,-0.31871,0.080101,-3.1004,0.22446999999999998
NCP_2022_03_03_METADATA,2022_03_03_NCP_NEURONS_2,3500,26,CONTROL,BR00132672,K10,3,153,-0.41105,-0.40881,0.36053,-0.50271
NCP_2022_03_03_METADATA,2022_03_03_NCP_NEURONS_2,3500,48,DELETION,BR00132672,K11,3,197,1.8737,1.7107,-0.5905600000000001,1.5849
NCP_2022_03_03_METADATA,2022_03_03_NCP_NEURONS_2,3500,48,DELETION,BR00132672,K12,3,140,-0.2366,-0.13469,0.012642,-0.094907
NCP_2022_03_03_METADATA,2022_03_03_NCP_NEURONS_2,3500,39,CONTROL,BR00132672,K13,3,357,0.15785,0.21766999999999997,-0.96815,0.33863000000000004
NCP_2022_03_03_METADATA,2022_03_03_NCP_NEURONS_2,3500,39,CONTROL,BR00132672,K14,3,113,0.11582999999999999,0.044957,0.5674899999999999,0.065401
NCP_2022_03_03_METADATA,2022_03_03_NCP_NEURONS_2,3500,48,DELETION,BR00132672,K15,3,178,0.17982,0.12886,-1.1051,0.47663
NCP_2022_03_03_METADATA,2022_03_03_NCP_NEURONS_2,3500,48,DELETION,BR00132672,K16,3,95,-1.0378,-1.0746,-0.5259,-1.0766
NCP_2022_03_03_METADATA,2022_03_03_NCP_NEURONS_2,3500,30,CONTROL,BR00132672,K17,3,207,1.2349,1.0406,-0.16904,1.3594
NCP_2022_03_03_METADATA,2022_03_03_NCP_NEURONS_2,3500,30,CONTROL,BR00132672,K18,3,101,-0.8347700000000001,-0.7892899999999999,-0.30968,-0.7096100000000001
NCP_2022_03_03_METADATA,2022_03_03_NCP_NEURONS_2,3500,8,DELETION,BR00132672,K19,3,281,1.4818,1.551,-1.0415,1.5656
NCP_2022_03_03_METADATA,2022_03_03_NCP_NEURONS_2,3500,8,DELETION,BR00132672,K20,3,144,0.8944799999999999,0.7229,2.2608,0.22851999999999997
NCP_2022_03_03_METADATA,2022_03_03_NCP_NEURONS_2,3500,46,CONTROL,BR00132672,K21,3,515,-0.47186000000000006,-0.25865,-0.14569000000000001,-0.26039
NCP_2022_03_03_METADATA,2022_03_03_NCP_NEURONS_2,3500,46,CONTROL,BR00132672,K22,3,227,0.28558,0.28628000000000003,1.2746,0.39631
NCP_2022_03_03_METADATA,2022_03_03_NCP_NEURONS_2,3500,32,CONTROL,BR00132672,K23,3,178,-0.11607999999999999,0.033464,-1.7338,0.48736
NCP_2022_03_03_METADATA,2022_03_03_NCP_NEURONS_2,3500,32,CONTROL,BR00132672,K24,3,110,0.60765,0.30294,0.1841,0.67589
NCP_2022_03_03_METADATA,2022_03_03_NCP_NEURONS_2,3500,6,CONTROL,BR00132672,L01,3,82,-0.74628,-0.52835,-1.3952,0.36414
NCP_2022_03_03_METADATA,2022_03_03_NCP_NEURONS_2,3500,6,CONTROL,BR00132672,L02,3,90,-1.3699,-1.1711,-1.9511,-1.2556
NCP_2022_03_03_METADATA,2022_03_03_NCP_NEURONS_2,3500,40,CONTROL,BR00132672,L03,3,182,-0.57812,-0.56415,0.97906,-0.58891
NCP_2022_03_03_METADATA,2022_03_03_NCP_NEURONS_2,3500,40,CONTROL,BR00132672,L04,3,104,-1.2025,-1.0466,-1.3268,-1.0248
NCP_2022_03_03_METADATA,2022_03_03_NCP_NEURONS_2,3500,41,CONTROL,BR00132672,L05,3,103,-1.4249,-1.2565,-1.3743,-1.2704
NCP_2022_03_03_METADATA,2022_03_03_NCP_NEURONS_2,3500,41,CONTROL,BR00132672,L06,3,80,-1.0012,-0.84473,-1.1913,-1.0759
NCP_2022_03_03_METADATA,2022_03_03_NCP_NEURONS_2,3500,2,DELETION,BR00132672,L07,3,128,0.14190999999999998,-0.019981,0.9631700000000001,0.034702
NCP_2022_03_03_METADATA,2022_03_03_NCP_NEURONS_2,3500,2,DELETION,BR00132672,L08,3,111,-0.7301,-0.71039,0.027839,-0.8493700000000001
NCP_2022_03_03_METADATA,2022_03_03_NCP_NEURONS_2,3500,26,CONTROL,BR00132672,L09,3,199,2.2027,1.9191,-0.54179,1.7344
NCP_2022_03_03_METADATA,2022_03_03_NCP_NEURONS_2,3500,26,CONTROL,BR00132672,L10,3,161,-0.65084,-0.62989,0.7690600000000001,-0.8181
NCP_2022_03_03_METADATA,2022_03_03_NCP_NEURONS_2,3500,48,DELETION,BR00132672,L11,3,164,-0.27316999999999997,-0.19627,-1.0414,-0.43723999999999996
NCP_2022_03_03_METADATA,2022_03_03_NCP_NEURONS_2,3500,48,DELETION,BR00132672,L12,3,64,-1.3173,-1.1635,-1.3467,-1.2778
NCP_2022_03_03_METADATA,2022_03_03_NCP_NEURONS_2,3500,39,CONTROL,BR00132672,L13,3,166,-1.1852,-1.0307,-0.85251,-1.2055
NCP_2022_03_03_METADATA,2022_03_03_NCP_NEURONS_2,3500,39,CONTROL,BR00132672,L14,3,113,-0.77556,-0.78204,0.70205,-0.8466799999999999
NCP_2022_03_03_METADATA,2022_03_03_NCP_NEURONS_2,3500,48,DELETION,BR00132672,L15,3,118,-1.0437,-0.94644,-0.73342,-1.1212
NCP_2022_03_03_METADATA,2022_03_03_NCP_NEURONS_2,3500,48,DELETION,BR00132672,L16,3,95,-0.19643,-0.14911,0.11391,-0.3178
NCP_2022_03_03_METADATA,2022_03_03_NCP_NEURONS_2,3500,30,CONTROL,BR00132672,L17,3,125,-1.1759,-1.0973,-0.54745,-1.1648
NCP_2022_03_03_METADATA,2022_03_03_NCP_NEURONS_2,3500,30,CONTROL,BR00132672,L18,3,67,0.26528,0.13766,2.8739999999999997,-0.18147
NCP_2022_03_03_METADATA,2022_03_03_NCP_NEURONS_2,3500,8,DELETION,BR00132672,L19,3,162,-0.56982,-0.5315300000000001,0.010431000000000001,-0.75068
NCP_2022_03_03_METADATA,2022_03_03_NCP_NEURONS_2,3500,8,DELETION,BR00132672,L20,3,89,0.0832,-0.027098,0.8275,-0.20260999999999998
NCP_2022_03_03_METADATA,2022_03_03_NCP_NEURONS_2,3500,46,CONTROL,BR00132672,L21,3,276,-0.14032,-0.19022,1.2725,-0.32486
NCP_2022_03_03_METADATA,2022_03_03_NCP_NEURONS_2,3500,46,CONTROL,BR00132672,L22,3,162,-0.58173,-0.46655,0.16393,-0.70487
NCP_2022_03_03_METADATA,2022_03_03_NCP_NEURONS_2,3500,32,CONTROL,BR00132672,L23,3,189,0.41416000000000003,0.45815,-0.19680999999999998,0.49403
NCP_2022_03_03_METADATA,2022_03_03_NCP_NEURONS_2,3500,32,CONTROL,BR00132672,L24,3,132,-0.27485,-0.065424,-0.70565,0.000143
NCP_2022_03_03_METADATA,2022_03_03_NCP_NEURONS_2,3500,14,CONTROL,BR00132672,M01,3,110,0.90656,0.8916700000000001,-0.2681,0.77956
NCP_2022_03_03_METADATA,2022_03_03_NCP_NEURONS_2,3500,14,CONTROL,BR00132672,M02,3,144,0.035394,-0.0052604999999999996,0.33234,-0.30217
NCP_2022_03_03_METADATA,2022_03_03_NCP_NEURONS_2,3500,36,DELETION,BR00132672,M03,3,188,-0.71039,-0.40457,-0.15066,-0.67367
NCP_2022_03_03_METADATA,2022_03_03_NCP_NEURONS_2,3500,36,DELETION,BR00132672,M04,3,120,-1.0735,-0.9661200000000001,-1.0071,-0.94499
NCP_2022_03_03_METADATA,2022_03_03_NCP_NEURONS_2,3500,43,CONTROL,BR00132672,M05,3,178,0.094523,-0.10782,1.0371,-0.10153
NCP_2022_03_03_METADATA,2022_03_03_NCP_NEURONS_2,3500,43,CONTROL,BR00132672,M06,3,126,0.6411100000000001,0.6695800000000001,0.54884,0.45185
NCP_2022_03_03_METADATA,2022_03_03_NCP_NEURONS_2,3500,16,DELETION,BR00132672,M07,3,309,-0.89323,-0.7497699999999999,-0.064313,-0.5622199999999999
NCP_2022_03_03_METADATA,2022_03_03_NCP_NEURONS_2,3500,16,DELETION,BR00132672,M08,3,173,-0.23265999999999998,-0.20109000000000002,0.33289,-0.042352999999999995
NCP_2022_03_03_METADATA,2022_03_03_NCP_NEURONS_2,3500,45,DELETION,BR00132672,M09,3,190,-0.28515999999999997,-0.12771,-1.1367,0.187
NCP_2022_03_03_METADATA,2022_03_03_NCP_NEURONS_2,3500,45,DELETION,BR00132672,M10,3,182,1.6486,1.794,0.38691,1.639
NCP_2022_03_03_METADATA,2022_03_03_NCP_NEURONS_2,3500,4,DELETION,BR00132672,M11,3,175,-0.34915999999999997,-0.28601,0.24364,-0.36646999999999996
NCP_2022_03_03_METADATA,2022_03_03_NCP_NEURONS_2,3500,4,DELETION,BR00132672,M12,3,94,-1.4563,-1.2922,-1.0987,-1.3054
NCP_2022_03_03_METADATA,2022_03_03_NCP_NEURONS_2,3500,25,CONTROL,BR00132672,M13,3,556,-0.70745,-0.31235999999999997,-2.8333,-0.096814
NCP_2022_03_03_METADATA,2022_03_03_NCP_NEURONS_2,3500,25,CONTROL,BR00132672,M14,3,208,1.2575,1.065,-0.23079000000000002,1.1585
NCP_2022_03_03_METADATA,2022_03_03_NCP_NEURONS_2,3500,34,DELETION,BR00132672,M15,3,98,0.63985,0.59028,0.38911999999999997,0.30693000000000004
NCP_2022_03_03_METADATA,2022_03_03_NCP_NEURONS_2,3500,34,DELETION,BR00132672,M16,3,38,-0.44896,-0.67891,1.6118,-0.8523
NCP_2022_03_03_METADATA,2022_03_03_NCP_NEURONS_2,3500,44,DELETION,BR00132672,M17,3,155,1.0608,1.2172,-1.7818,1.2515
NCP_2022_03_03_METADATA,2022_03_03_NCP_NEURONS_2,3500,44,DELETION,BR00132672,M18,3,73,1.2456,1.2794,1.4366,0.97
NCP_2022_03_03_METADATA,2022_03_03_NCP_NEURONS_2,3500,15,DELETION,BR00132672,M19,3,382,0.6782600000000001,0.7568,-0.5804699999999999,1.0727
NCP_2022_03_03_METADATA,2022_03_03_NCP_NEURONS_2,3500,15,DELETION,BR00132672,M20,3,205,3.2908,3.4424,0.17857,3.0326
NCP_2022_03_03_METADATA,2022_03_03_NCP_NEURONS_2,3500,37,DELETION,BR00132672,M21,3,221,2.6804,2.3917,-0.5945699999999999,2.3602
NCP_2022_03_03_METADATA,2022_03_03_NCP_NEURONS_2,3500,37,DELETION,BR00132672,M22,3,108,0.48276,0.35983000000000004,0.018859,0.22304000000000002
NCP_2022_03_03_METADATA,2022_03_03_NCP_NEURONS_2,3500,7,CONTROL,BR00132672,M23,3,201,-0.23751999999999998,-0.23314000000000001,-0.8719899999999999,-0.052077
NCP_2022_03_03_METADATA,2022_03_03_NCP_NEURONS_2,3500,7,CONTROL,BR00132672,M24,2,54,2.4055,2.6662,0.78647,2.4446
NCP_2022_03_03_METADATA,2022_03_03_NCP_NEURONS_2,3500,14,CONTROL,BR00132672,N01,3,75,-0.9242600000000001,-0.79955,-0.53267,-0.96247
NCP_2022_03_03_METADATA,2022_03_03_NCP_NEURONS_2,3500,14,CONTROL,BR00132672,N02,3,112,1.9353,2.0321,-0.24889,1.1342
NCP_2022_03_03_METADATA,2022_03_03_NCP_NEURONS_2,3500,36,DELETION,BR00132672,N03,3,67,-1.3408,-1.1463,-1.415,-1.3655
NCP_2022_03_03_METADATA,2022_03_03_NCP_NEURONS_2,3500,36,DELETION,BR00132672,N04,3,121,-1.4641,-1.3354,-0.40971,-1.3572
NCP_2022_03_03_METADATA,2022_03_03_NCP_NEURONS_2,3500,43,CONTROL,BR00132672,N05,3,83,-0.66174,-0.67091,0.59567,-0.71102
NCP_2022_03_03_METADATA,2022_03_03_NCP_NEURONS_2,3500,43,CONTROL,BR00132672,N06,3,97,1.3782,1.4097,1.7094,1.1006
NCP_2022_03_03_METADATA,2022_03_03_NCP_NEURONS_2,3500,16,DELETION,BR00132672,N07,3,100,-0.65671,-0.72396,1.6824,-0.6903
NCP_2022_03_03_METADATA,2022_03_03_NCP_NEURONS_2,3500,16,DELETION,BR00132672,N08,3,173,1.2193,1.2132,0.82805,0.92304
NCP_2022_03_03_METADATA,2022_03_03_NCP_NEURONS_2,3500,45,DELETION,BR00132672,N09,3,40,-0.66887,-0.66074,-0.39686,-0.74283
NCP_2022_03_03_METADATA,2022_03_03_NCP_NEURONS_2,3500,45,DELETION,BR00132672,N10,3,97,0.17285999999999999,0.049333999999999996,-0.19929000000000002,0.32314
NCP_2022_03_03_METADATA,2022_03_03_NCP_NEURONS_2,3500,4,DELETION,BR00132672,N11,3,111,-1.3142,-1.1978,-0.18367999999999998,-1.3719999999999999
NCP_2022_03_03_METADATA,2022_03_03_NCP_NEURONS_2,3500,4,DELETION,BR00132672,N12,3,82,-1.3006,-0.9218700000000001,-1.5805,-1.2031
NCP_2022_03_03_METADATA,2022_03_03_NCP_NEURONS_2,3500,25,CONTROL,BR00132672,N13,3,243,0.38589,0.33269,-0.96193,0.30908
NCP_2022_03_03_METADATA,2022_03_03_NCP_NEURONS_2,3500,25,CONTROL,BR00132672,N14,3,179,0.47572,0.42632,0.07108300000000001,0.46686000000000005
NCP_2022_03_03_METADATA,2022_03_03_NCP_NEURONS_2,3500,34,DELETION,BR00132672,N15,3,49,0.015934999999999998,-0.22258000000000003,1.9398,0.068332
NCP_2022_03_03_METADATA,2022_03_03_NCP_NEURONS_2,3500,34,DELETION,BR00132672,N16,3,25,0.8236100000000001,0.44882,2.5252,0.12568
NCP_2022_03_03_METADATA,2022_03_03_NCP_NEURONS_2,3500,44,DELETION,BR00132672,N17,3,91,-0.9366700000000001,-0.87921,-0.47851000000000005,-1.056
NCP_2022_03_03_METADATA,2022_03_03_NCP_NEURONS_2,3500,44,DELETION,BR00132672,N18,3,69,-0.41658999999999996,-0.45466000000000006,-0.46939,-0.65925
NCP_2022_03_03_METADATA,2022_03_03_NCP_NEURONS_2,3500,15,DELETION,BR00132672,N19,3,253,-0.056948,-0.09849,-0.41662,-0.064614
NCP_2022_03_03_METADATA,2022_03_03_NCP_NEURONS_2,3500,15,DELETION,BR00132672,N20,3,107,0.5783699999999999,0.31761999999999996,0.74751,0.30336
NCP_2022_03_03_METADATA,2022_03_03_NCP_NEURONS_2,3500,37,DELETION,BR00132672,N21,3,191,0.29405,0.26095,-0.31645,0.073719
NCP_2022_03_03_METADATA,2022_03_03_NCP_NEURONS_2,3500,37,DELETION,BR00132672,N22,3,79,0.55447,0.5242399999999999,0.54966,0.19587000000000002
NCP_2022_03_03_METADATA,2022_03_03_NCP_NEURONS_2,3500,7,CONTROL,BR00132672,N23,3,106,1.0422,0.8371700000000001,1.2812,0.52525
NCP_2022_03_03_METADATA,2022_03_03_NCP_NEURONS_2,3500,7,CONTROL,BR00132672,N24,3,83,0.92468,0.7399600000000001,2.5765,0.40537
NCP_2022_03_03_METADATA,2022_03_03_NCP_NEURONS_2,3500,10,CONTROL,BR00132672,O01,3,27,-1.3516,-1.1829,-1.2348,-1.2643
NCP_2022_03_03_METADATA,2022_03_03_NCP_NEURONS_2,3500,10,CONTROL,BR00132672,O02,3,78,-1.6198,-1.4262,-1.7563,-1.464
NCP_2022_03_03_METADATA,2022_03_03_NCP_NEURONS_2,3500,25,CONTROL,BR00132672,O03,3,288,-0.010316,0.038326,-1.577,0.2054
NCP_2022_03_03_METADATA,2022_03_03_NCP_NEURONS_2,3500,25,CONTROL,BR00132672,O04,3,180,-0.15466,-0.048007,-0.2855,-0.15011
NCP_2022_03_03_METADATA,2022_03_03_NCP_NEURONS_2,3500,8,DELETION,BR00132672,O05,3,158,-0.7831899999999999,-0.6885899999999999,-0.44715,-0.80094
NCP_2022_03_03_METADATA,2022_03_03_NCP_NEURONS_2,3500,8,DELETION,BR00132672,O06,3,110,0.17001,-0.020556,0.15895,-0.000143
NCP_2022_03_03_METADATA,2022_03_03_NCP_NEURONS_2,3500,31,CONTROL,BR00132672,O07,3,133,0.58777,0.36227,0.31340999999999997,0.5052300000000001
NCP_2022_03_03_METADATA,2022_03_03_NCP_NEURONS_2,3500,31,CONTROL,BR00132672,O08,3,142,1.0073,0.7702,-0.34574,0.85416
NCP_2022_03_03_METADATA,2022_03_03_NCP_NEURONS_2,3500,18,DELETION,BR00132672,O09,3,215,0.25061,0.14451,0.59995,0.11285
NCP_2022_03_03_METADATA,2022_03_03_NCP_NEURONS_2,3500,18,DELETION,BR00132672,O10,3,130,-0.8406399999999999,-0.82939,1.099,-0.77432
NCP_2022_03_03_METADATA,2022_03_03_NCP_NEURONS_2,3500,21,CONTROL,BR00132672,O11,3,154,0.45081000000000004,0.42093,0.56984,0.49093000000000003
NCP_2022_03_03_METADATA,2022_03_03_NCP_NEURONS_2,3500,21,CONTROL,BR00132672,O12,3,107,-1.0621,-0.99825,-1.0602,-1.014
NCP_2022_03_03_METADATA,2022_03_03_NCP_NEURONS_2,3500,3,CONTROL,BR00132672,O13,3,207,-0.83754,-0.77112,-0.18244000000000002,-0.80804
NCP_2022_03_03_METADATA,2022_03_03_NCP_NEURONS_2,3500,3,CONTROL,BR00132672,O14,3,74,-0.70972,-0.84283,0.17719000000000001,-0.9674200000000001
NCP_2022_03_03_METADATA,2022_03_03_NCP_NEURONS_2,3500,23,DELETION,BR00132672,O15,3,245,0.58005,0.36509,0.64845,0.39178
NCP_2022_03_03_METADATA,2022_03_03_NCP_NEURONS_2,3500,23,DELETION,BR00132672,O16,3,115,-0.10098,-0.18734,0.86011,-0.5002
NCP_2022_03_03_METADATA,2022_03_03_NCP_NEURONS_2,3500,33,DELETION,BR00132672,O17,3,241,0.91235,1.0195,-0.95944,1.2839
NCP_2022_03_03_METADATA,2022_03_03_NCP_NEURONS_2,3500,33,DELETION,BR00132672,O18,3,108,1.1219,0.9345100000000001,0.78647,0.48116000000000003
NCP_2022_03_03_METADATA,2022_03_03_NCP_NEURONS_2,3500,13,DELETION,BR00132672,O19,3,375,-0.11105,-0.003978499999999999,-1.1737,0.10892
NCP_2022_03_03_METADATA,2022_03_03_NCP_NEURONS_2,3500,13,DELETION,BR00132672,O20,3,309,0.28071999999999997,0.58197,-1.0390000000000001,0.69757
NCP_2022_03_03_METADATA,2022_03_03_NCP_NEURONS_2,3500,35,DELETION,BR00132672,O21,3,115,1.4794,1.6593,1.0523,1.1111
NCP_2022_03_03_METADATA,2022_03_03_NCP_NEURONS_2,3500,35,DELETION,BR00132672,O22,3,84,-0.29372,-0.43538000000000004,0.82847,-0.58424
NCP_2022_03_03_METADATA,2022_03_03_NCP_NEURONS_2,3500,22,CONTROL,BR00132672,O23,3,267,2.3038,2.4203,-1.1646,2.5161
NCP_2022_03_03_METADATA,2022_03_03_NCP_NEURONS_2,3500,22,CONTROL,BR00132672,O24,3,85,1.5723,1.4276,0.68202,1.0408
NCP_2022_03_03_METADATA,2022_03_03_NCP_NEURONS_2,3500,10,CONTROL,BR00132672,P01,3,40,-1.7256,-1.305,-3.3327,-1.7096
NCP_2022_03_03_METADATA,2022_03_03_NCP_NEURONS_2,3500,10,CONTROL,BR00132672,P02,3,73,-1.2223,-1.1665,-0.5317,-1.1641
NCP_2022_03_03_METADATA,2022_03_03_NCP_NEURONS_2,3500,25,CONTROL,BR00132672,P03,3,150,0.23928000000000002,0.35068,0.019964,0.08983
NCP_2022_03_03_METADATA,2022_03_03_NCP_NEURONS_2,3500,25,CONTROL,BR00132672,P04,3,295,0.37172,0.5426300000000001,-1.4219,0.68637
NCP_2022_03_03_METADATA,2022_03_03_NCP_NEURONS_2,3500,8,DELETION,BR00132672,P05,3,71,-0.49417,-0.46443,0.59802,-0.85052
NCP_2022_03_03_METADATA,2022_03_03_NCP_NEURONS_2,3500,8,DELETION,BR00132672,P06,3,100,-0.65252,-0.47021999999999997,-0.73535,-0.71545
NCP_2022_03_03_METADATA,2022_03_03_NCP_NEURONS_2,3500,31,CONTROL,BR00132672,P07,3,125,0.45056,0.33424,0.22623000000000001,0.22232
NCP_2022_03_03_METADATA,2022_03_03_NCP_NEURONS_2,3500,31,CONTROL,BR00132672,P08,3,93,1.4115,1.2287,1.1092,1.0889
NCP_2022_03_03_METADATA,2022_03_03_NCP_NEURONS_2,3500,18,DELETION,BR00132672,P09,3,101,-0.5707399999999999,-0.49298000000000003,0.9488,-0.7771600000000001
NCP_2022_03_03_METADATA,2022_03_03_NCP_NEURONS_2,3500,18,DELETION,BR00132672,P10,3,118,-0.10475,-0.31258,1.6784,-0.32466999999999996
NCP_2022_03_03_METADATA,2022_03_03_NCP_NEURONS_2,3500,21,CONTROL,BR00132672,P11,3,54,0.871,0.73519,1.2982,0.6413300000000001
NCP_2022_03_03_METADATA,2022_03_03_NCP_NEURONS_2,3500,21,CONTROL,BR00132672,P12,2,86,0.38245,0.33534,0.60313,0.37009000000000003
NCP_2022_03_03_METADATA,2022_03_03_NCP_NEURONS_2,3500,3,CONTROL,BR00132672,P13,3,88,0.38656,0.10954000000000001,0.5764699999999999,-0.0050766000000000006
NCP_2022_03_03_METADATA,2022_03_03_NCP_NEURONS_2,3500,3,CONTROL,BR00132672,P14,3,47,0.63507,0.5394899999999999,1.1059999999999999,0.53598
NCP_2022_03_03_METADATA,2022_03_03_NCP_NEURONS_2,3500,23,DELETION,BR00132672,P15,3,226,-1.1418,-0.9978100000000001,-0.36785,-1.1513
NCP_2022_03_03_METADATA,2022_03_03_NCP_NEURONS_2,3500,23,DELETION,BR00132672,P16,3,144,-0.58492,-0.43812,0.16918,-0.49827
NCP_2022_03_03_METADATA,2022_03_03_NCP_NEURONS_2,3500,33,DELETION,BR00132672,P17,3,76,-0.11565999999999999,-0.30546,1.0119,-0.32009
NCP_2022_03_03_METADATA,2022_03_03_NCP_NEURONS_2,3500,33,DELETION,BR00132672,P18,3,52,1.2539,0.9728399999999999,2.2733,0.47091000000000005
NCP_2022_03_03_METADATA,2022_03_03_NCP_NEURONS_2,3500,13,DELETION,BR00132672,P19,3,273,0.68179,0.7389399999999999,0.26547,0.76979
NCP_2022_03_03_METADATA,2022_03_03_NCP_NEURONS_2,3500,13,DELETION,BR00132672,P20,3,169,1.8185,1.6818,0.91827,1.2207
NCP_2022_03_03_METADATA,2022_03_03_NCP_NEURONS_2,3500,35,DELETION,BR00132672,P21,3,63,0.49803000000000003,0.22261999999999998,1.097,-0.013037
NCP_2022_03_03_METADATA,2022_03_03_NCP_NEURONS_2,3500,35,DELETION,BR00132672,P22,3,65,-0.8290700000000001,-0.9195200000000001,-0.33579000000000003,-0.91384
NCP_2022_03_03_METADATA,2022_03_03_NCP_NEURONS_2,3500,22,CONTROL,BR00132672,P23,3,147,1.5718,1.5056,-0.41923999999999995,1.8781
NCP_2022_03_03_METADATA,2022_03_03_NCP_NEURONS_2,3500,22,CONTROL,BR00132672,P24,3,62,0.9095799999999999,0.53825,1.993,0.37151999999999996
NCP_2022_03_03_METADATA,2022_03_03_NCP_NEURONS_2,3500,1,DELETION,BR00132673,A01,3,332,-0.57628,-0.44823999999999997,0.47013,-0.9558
NCP_2022_03_03_METADATA,2022_03_03_NCP_NEURONS_2,3500,1,DELETION,BR00132673,A02,3,597,-1.1933,-1.0363,-0.8214899999999999,-1.3615
NCP_2022_03_03_METADATA,2022_03_03_NCP_NEURONS_2,3500,30,CONTROL,BR00132673,A03,3,192,0.28263,0.055489,0.18614,0.77135
NCP_2022_03_03_METADATA,2022_03_03_NCP_NEURONS_2,3500,30,CONTROL,BR00132673,A04,3,328,-0.24193,-0.084591,-1.4198,-0.098361
NCP_2022_03_03_METADATA,2022_03_03_NCP_NEURONS_2,3500,9,CONTROL,BR00132673,A05,3,444,-0.8066399999999999,-0.6989,-1.2732,-0.55818
NCP_2022_03_03_METADATA,2022_03_03_NCP_NEURONS_2,3500,9,CONTROL,BR00132673,A06,3,463,-1.0226,-0.81989,-2.0838,-0.68345
NCP_2022_03_03_METADATA,2022_03_03_NCP_NEURONS_2,3500,26,CONTROL,BR00132673,A07,3,389,-0.73125,-0.58639,-1.168,-0.28526
NCP_2022_03_03_METADATA,2022_03_03_NCP_NEURONS_2,3500,26,CONTROL,BR00132673,A08,3,529,-1.6408,-1.3311,-2.256,-1.5943
NCP_2022_03_03_METADATA,2022_03_03_NCP_NEURONS_2,3500,4,DELETION,BR00132673,A09,3,410,-0.65568,-0.40166,-0.59992,-0.87546
NCP_2022_03_03_METADATA,2022_03_03_NCP_NEURONS_2,3500,4,DELETION,BR00132673,A10,3,185,-0.45353999999999994,-0.064539,0.1068,-0.7269899999999999
NCP_2022_03_03_METADATA,2022_03_03_NCP_NEURONS_2,3500,34,DELETION,BR00132673,A11,3,208,-0.7251,-0.67735,-0.5613199999999999,-0.5252899999999999
NCP_2022_03_03_METADATA,2022_03_03_NCP_NEURONS_2,3500,34,DELETION,BR00132673,A12,3,108,-0.093856,-0.33423,-0.23864000000000002,-0.19802999999999998
NCP_2022_03_03_METADATA,2022_03_03_NCP_NEURONS_2,3500,15,DELETION,BR00132673,A13,3,873,-1.5042,-1.2325,-1.2611,-1.5508
NCP_2022_03_03_METADATA,2022_03_03_NCP_NEURONS_2,3500,15,DELETION,BR00132673,A14,3,486,-0.80952,-0.71751,-0.28764,-0.70828
NCP_2022_03_03_METADATA,2022_03_03_NCP_NEURONS_2,3500,36,DELETION,BR00132673,A15,3,961,-1.5269,-1.274,-1.0184,-1.703
NCP_2022_03_03_METADATA,2022_03_03_NCP_NEURONS_2,3500,36,DELETION,BR00132673,A16,3,366,-0.35495,-0.27125,0.11448,-0.56901
NCP_2022_03_03_METADATA,2022_03_03_NCP_NEURONS_2,3500,2,DELETION,BR00132673,A17,3,533,-1.1094,-0.93485,-1.2294,-0.9535100000000001
NCP_2022_03_03_METADATA,2022_03_03_NCP_NEURONS_2,3500,2,DELETION,BR00132673,A18,3,251,0.74712,0.62163,0.36862,0.84755
NCP_2022_03_03_METADATA,2022_03_03_NCP_NEURONS_2,3500,16,DELETION,BR00132673,A19,3,448,-1.2039,-0.96862,-0.6963699999999999,-1.1063
NCP_2022_03_03_METADATA,2022_03_03_NCP_NEURONS_2,3500,16,DELETION,BR00132673,A20,3,274,-0.05008,-0.061145000000000005,0.38943,0.11721
NCP_2022_03_03_METADATA,2022_03_03_NCP_NEURONS_2,3500,20,CONTROL,BR00132673,A21,3,428,-1.3121,-1.0292,-2.0071,-0.92496
NCP_2022_03_03_METADATA,2022_03_03_NCP_NEURONS_2,3500,20,CONTROL,BR00132673,A22,3,161,1.8787,1.4963,-0.029605000000000003,2.0377
NCP_2022_03_03_METADATA,2022_03_03_NCP_NEURONS_2,3500,12,CONTROL,BR00132673,A23,3,342,-0.40255,-0.5132800000000001,0.22143000000000002,-0.48378000000000004
NCP_2022_03_03_METADATA,2022_03_03_NCP_NEURONS_2,3500,12,CONTROL,BR00132673,A24,3,178,-0.43265,-0.48653,0.11954000000000001,-0.68907
NCP_2022_03_03_METADATA,2022_03_03_NCP_NEURONS_2,3500,1,DELETION,BR00132673,B01,3,191,-0.34748,-0.45551,0.17875,-0.43245
NCP_2022_03_03_METADATA,2022_03_03_NCP_NEURONS_2,3500,1,DELETION,BR00132673,B02,3,86,-1.0438,-1.0537,0.91045,-1.4789
NCP_2022_03_03_METADATA,2022_03_03_NCP_NEURONS_2,3500,30,CONTROL,BR00132673,B03,3,271,-0.043808,-0.13445,-0.5099899999999999,0.050233
NCP_2022_03_03_METADATA,2022_03_03_NCP_NEURONS_2,3500,30,CONTROL,BR00132673,B04,3,70,0.14397000000000001,-0.093669,1.0471,-0.31794
NCP_2022_03_03_METADATA,2022_03_03_NCP_NEURONS_2,3500,9,CONTROL,BR00132673,B05,3,369,-0.79786,-0.7628699999999999,-0.8641700000000001,-0.86829
NCP_2022_03_03_METADATA,2022_03_03_NCP_NEURONS_2,3500,9,CONTROL,BR00132673,B06,3,100,0.47279,0.48808999999999997,0.60682,0.26621
NCP_2022_03_03_METADATA,2022_03_03_NCP_NEURONS_2,3500,26,CONTROL,BR00132673,B07,3,484,-1.1621,-0.9159299999999999,-2.3303,-0.89756
NCP_2022_03_03_METADATA,2022_03_03_NCP_NEURONS_2,3500,26,CONTROL,BR00132673,B08,3,209,-0.21408000000000002,-0.35663,-0.17427,-0.26581
NCP_2022_03_03_METADATA,2022_03_03_NCP_NEURONS_2,3500,4,DELETION,BR00132673,B09,3,196,0.067201,0.32779,0.67605,0.22891
NCP_2022_03_03_METADATA,2022_03_03_NCP_NEURONS_2,3500,4,DELETION,BR00132673,B10,3,85,0.696,1.6833,0.5364300000000001,0.077305
NCP_2022_03_03_METADATA,2022_03_03_NCP_NEURONS_2,3500,34,DELETION,BR00132673,B11,3,160,0.11292,0.39914,-0.045841,-0.21086
NCP_2022_03_03_METADATA,2022_03_03_NCP_NEURONS_2,3500,34,DELETION,BR00132673,B12,3,48,-0.11625,-0.51354,0.98113,-0.66198
NCP_2022_03_03_METADATA,2022_03_03_NCP_NEURONS_2,3500,15,DELETION,BR00132673,B13,3,431,-0.88923,-0.76264,-0.63988,-0.88182
NCP_2022_03_03_METADATA,2022_03_03_NCP_NEURONS_2,3500,15,DELETION,BR00132673,B14,3,271,-0.0051113999999999995,-0.039481,0.7672399999999999,-0.2265
NCP_2022_03_03_METADATA,2022_03_03_NCP_NEURONS_2,3500,36,DELETION,BR00132673,B15,3,212,0.33544,0.42762,0.268,-0.035394
NCP_2022_03_03_METADATA,2022_03_03_NCP_NEURONS_2,3500,36,DELETION,BR00132673,B16,3,168,0.90479,1.0752,1.5194,0.30812
NCP_2022_03_03_METADATA,2022_03_03_NCP_NEURONS_2,3500,2,DELETION,BR00132673,B17,3,352,-0.49951,-0.28259,-0.80594,-0.58405
NCP_2022_03_03_METADATA,2022_03_03_NCP_NEURONS_2,3500,2,DELETION,BR00132673,B18,3,208,-0.42331,-0.50684,0.07899400000000001,-0.35183000000000003
NCP_2022_03_03_METADATA,2022_03_03_NCP_NEURONS_2,3500,16,DELETION,BR00132673,B19,3,292,-0.52171,-0.5221100000000001,-0.24583000000000002,-0.54114
NCP_2022_03_03_METADATA,2022_03_03_NCP_NEURONS_2,3500,16,DELETION,BR00132673,B20,3,246,-0.81485,-0.7953399999999999,0.28851,-0.7519600000000001
NCP_2022_03_03_METADATA,2022_03_03_NCP_NEURONS_2,3500,20,CONTROL,BR00132673,B21,3,247,0.34642,0.18561,-0.1628,0.17456
NCP_2022_03_03_METADATA,2022_03_03_NCP_NEURONS_2,3500,20,CONTROL,BR00132673,B22,3,139,1.7087,1.8179,1.0293,1.6206
NCP_2022_03_03_METADATA,2022_03_03_NCP_NEURONS_2,3500,12,CONTROL,BR00132673,B23,3,137,1.5451,1.7653,0.75849,0.69835
NCP_2022_03_03_METADATA,2022_03_03_NCP_NEURONS_2,3500,12,CONTROL,BR00132673,B24,3,135,0.25981,-0.099637,0.9838600000000001,-0.35404
NCP_2022_03_03_METADATA,2022_03_03_NCP_NEURONS_2,3500,17,CONTROL,BR00132673,C01,3,135,0.024742,-0.13818,-0.10359000000000002,-0.045420999999999996
NCP_2022_03_03_METADATA,2022_03_03_NCP_NEURONS_2,3500,17,CONTROL,BR00132673,C02,3,672,-1.4516,-1.1883,-2.0166,-1.4833
NCP_2022_03_03_METADATA,2022_03_03_NCP_NEURONS_2,3500,39,CONTROL,BR00132673,C03,3,349,-0.61623,-0.61264,-0.7290300000000001,-0.40116999999999997
NCP_2022_03_03_METADATA,2022_03_03_NCP_NEURONS_2,3500,39,CONTROL,BR00132673,C04,3,702,-2.0238,-1.6093,-2.7253,-1.9795
NCP_2022_03_03_METADATA,2022_03_03_NCP_NEURONS_2,3500,37,DELETION,BR00132673,C05,3,181,0.27699,0.1467,-0.017256999999999998,0.053041
NCP_2022_03_03_METADATA,2022_03_03_NCP_NEURONS_2,3500,37,DELETION,BR00132673,C06,3,62,0.42607,0.9197200000000001,-2.3316,5.8697
NCP_2022_03_03_METADATA,2022_03_03_NCP_NEURONS_2,3500,42,DELETION,BR00132673,C07,3,220,-0.8690399999999999,-0.9344,0.068591,-0.81342
NCP_2022_03_03_METADATA,2022_03_03_NCP_NEURONS_2,3500,42,DELETION,BR00132673,C08,3,489,-1.3308,-1.1564,-1.2822,-1.3066
NCP_2022_03_03_METADATA,2022_03_03_NCP_NEURONS_2,3500,7,CONTROL,BR00132673,C09,3,68,0.59196,0.8705700000000001,0.78815,0.7270300000000001
NCP_2022_03_03_METADATA,2022_03_03_NCP_NEURONS_2,3500,7,CONTROL,BR00132673,C10,3,412,-0.68904,-0.59397,-1.4483,-0.36888000000000004
NCP_2022_03_03_METADATA,2022_03_03_NCP_NEURONS_2,3500,29,CONTROL,BR00132673,C11,3,165,-0.44915,-0.42988000000000004,0.9405899999999999,-0.73507
NCP_2022_03_03_METADATA,2022_03_03_NCP_NEURONS_2,3500,29,CONTROL,BR00132673,C12,3,426,-0.8768799999999999,-0.75439,-0.45613000000000004,-1.0538
NCP_2022_03_03_METADATA,2022_03_03_NCP_NEURONS_2,3500,11,CONTROL,BR00132673,C13,3,553,-1.1512,-0.9559799999999999,-0.6774100000000001,-1.1079
NCP_2022_03_03_METADATA,2022_03_03_NCP_NEURONS_2,3500,11,CONTROL,BR00132673,C14,3,144,0.0035435,0.094122,0.26547,0.43927
NCP_2022_03_03_METADATA,2022_03_03_NCP_NEURONS_2,3500,38,DELETION,BR00132673,C15,3,261,0.58136,0.37934,0.27383,0.52249
NCP_2022_03_03_METADATA,2022_03_03_NCP_NEURONS_2,3500,38,DELETION,BR00132673,C16,3,436,-0.69262,-0.6735899999999999,-0.59204,-0.76413
NCP_2022_03_03_METADATA,2022_03_03_NCP_NEURONS_2,3500,43,CONTROL,BR00132673,C17,3,258,0.6007399999999999,0.46676000000000006,0.1945,0.9951399999999999
NCP_2022_03_03_METADATA,2022_03_03_NCP_NEURONS_2,3500,43,CONTROL,BR00132673,C18,3,353,-0.16529000000000002,-0.24495,1.2995,-0.075902
NCP_2022_03_03_METADATA,2022_03_03_NCP_NEURONS_2,3500,18,DELETION,BR00132673,C19,3,402,-1.0946,-0.9318799999999999,-1.0595,-0.6414
NCP_2022_03_03_METADATA,2022_03_03_NCP_NEURONS_2,3500,18,DELETION,BR00132673,C20,3,326,-0.875,-0.7819,0.097661,-0.95588
NCP_2022_03_03_METADATA,2022_03_03_NCP_NEURONS_2,3500,6,CONTROL,BR00132673,C21,3,287,0.094797,0.10350999999999999,-0.29133000000000003,0.0025066999999999997
NCP_2022_03_03_METADATA,2022_03_03_NCP_NEURONS_2,3500,6,CONTROL,BR00132673,C22,3,138,1.9572,1.7633,0.59545,2.0588
NCP_2022_03_03_METADATA,2022_03_03_NCP_NEURONS_2,3500,29,CONTROL,BR00132673,C23,3,338,-0.034087,-0.091802,0.16202,0.035394
NCP_2022_03_03_METADATA,2022_03_03_NCP_NEURONS_2,3500,29,CONTROL,BR00132673,C24,3,371,-1.0657,-0.74528,-0.5444100000000001,-0.9839100000000001
NCP_2022_03_03_METADATA,2022_03_03_NCP_NEURONS_2,3500,17,CONTROL,BR00132673,D01,3,186,0.10402,0.23974,-0.31389,-0.21206
NCP_2022_03_03_METADATA,2022_03_03_NCP_NEURONS_2,3500,17,CONTROL,BR00132673,D02,3,325,-0.57998,-0.55118,-0.11934000000000002,-0.65023
NCP_2022_03_03_METADATA,2022_03_03_NCP_NEURONS_2,3500,39,CONTROL,BR00132673,D03,3,344,-0.49537,-0.48458,-0.61849,-0.4144
NCP_2022_03_03_METADATA,2022_03_03_NCP_NEURONS_2,3500,39,CONTROL,BR00132673,D04,3,401,-0.67035,-0.64842,-0.12537,-0.70938
NCP_2022_03_03_METADATA,2022_03_03_NCP_NEURONS_2,3500,37,DELETION,BR00132673,D05,3,142,0.025306,0.16935,0.78776,-0.42563
NCP_2022_03_03_METADATA,2022_03_03_NCP_NEURONS_2,3500,37,DELETION,BR00132673,D06,1,61,0.043933,-0.15937,1.1744,-0.74115
NCP_2022_03_03_METADATA,2022_03_03_NCP_NEURONS_2,3500,42,DELETION,BR00132673,D07,3,234,-0.24883000000000002,-0.40776999999999997,0.35481999999999997,-0.31514000000000003
NCP_2022_03_03_METADATA,2022_03_03_NCP_NEURONS_2,3500,42,DELETION,BR00132673,D08,3,296,-0.14328,-0.0024322,0.37018,-0.24455
NCP_2022_03_03_METADATA,2022_03_03_NCP_NEURONS_2,3500,7,CONTROL,BR00132673,D09,3,172,1.5593,1.1734,-0.19177,1.3012
NCP_2022_03_03_METADATA,2022_03_03_NCP_NEURONS_2,3500,7,CONTROL,BR00132673,D10,3,157,-0.0076828,-0.10105,0.90141,-0.49682
NCP_2022_03_03_METADATA,2022_03_03_NCP_NEURONS_2,3500,29,CONTROL,BR00132673,D11,3,295,-0.51143,-0.57517,-0.29969,-0.5978899999999999
NCP_2022_03_03_METADATA,2022_03_03_NCP_NEURONS_2,3500,29,CONTROL,BR00132673,D12,3,344,-0.90617,-0.72811,0.63064,-1.1523
NCP_2022_03_03_METADATA,2022_03_03_NCP_NEURONS_2,3500,11,CONTROL,BR00132673,D13,3,365,-0.6017399999999999,-0.64593,0.097175,-0.8348399999999999
NCP_2022_03_03_METADATA,2022_03_03_NCP_NEURONS_2,3500,11,CONTROL,BR00132673,D14,3,110,2.0681,2.7124,1.4916,1.2837
NCP_2022_03_03_METADATA,2022_03_03_NCP_NEURONS_2,3500,38,DELETION,BR00132673,D15,3,225,0.33776,0.10436,0.40051,0.030581
NCP_2022_03_03_METADATA,2022_03_03_NCP_NEURONS_2,3500,38,DELETION,BR00132673,D16,3,137,1.5666,1.2161,0.24039000000000002,1.1987
NCP_2022_03_03_METADATA,2022_03_03_NCP_NEURONS_2,3500,43,CONTROL,BR00132673,D17,3,280,0.5108600000000001,0.37954,0.24505,0.5636
NCP_2022_03_03_METADATA,2022_03_03_NCP_NEURONS_2,3500,43,CONTROL,BR00132673,D18,3,184,1.7604,1.8346,0.73283,1.4686
NCP_2022_03_03_METADATA,2022_03_03_NCP_NEURONS_2,3500,18,DELETION,BR00132673,D19,3,293,-0.64828,-0.7216600000000001,0.5535399999999999,-0.86841
NCP_2022_03_03_METADATA,2022_03_03_NCP_NEURONS_2,3500,18,DELETION,BR00132673,D20,3,368,-0.49863,-0.33073,0.52146,-0.77081
NCP_2022_03_03_METADATA,2022_03_03_NCP_NEURONS_2,3500,6,CONTROL,BR00132673,D21,3,191,0.35325,0.14595999999999998,-0.13684000000000002,0.42122
NCP_2022_03_03_METADATA,2022_03_03_NCP_NEURONS_2,3500,6,CONTROL,BR00132673,D22,3,140,1.1959,0.6754,1.0262,0.67409
NCP_2022_03_03_METADATA,2022_03_03_NCP_NEURONS_2,3500,29,CONTROL,BR00132673,D23,3,238,0.29969,0.39097,0.62471,0.28726
NCP_2022_03_03_METADATA,2022_03_03_NCP_NEURONS_2,3500,29,CONTROL,BR00132673,D24,3,279,0.23428000000000002,0.23371999999999998,1.54,-0.11099
NCP_2022_03_03_METADATA,2022_03_03_NCP_NEURONS_2,3500,27,CONTROL,BR00132673,E01,3,308,-0.58907,-0.51326,-2.0824,-0.34883000000000003
NCP_2022_03_03_METADATA,2022_03_03_NCP_NEURONS_2,3500,27,CONTROL,BR00132673,E02,3,328,-1.7817,-1.3999,-2.8041,-1.4746
NCP_2022_03_03_METADATA,2022_03_03_NCP_NEURONS_2,3500,41,CONTROL,BR00132673,E03,3,142,1.4139,1.4154,1.1095,1.5765
NCP_2022_03_03_METADATA,2022_03_03_NCP_NEURONS_2,3500,41,CONTROL,BR00132673,E04,3,127,0.42256000000000005,0.9066799999999999,1.5735,0.40157
NCP_2022_03_03_METADATA,2022_03_03_NCP_NEURONS_2,3500,32,CONTROL,BR00132673,E05,3,218,0.0030418000000000003,-0.10439000000000001,0.10815999999999999,0.2628
NCP_2022_03_03_METADATA,2022_03_03_NCP_NEURONS_2,3500,32,CONTROL,BR00132673,E06,3,193,0.16071,0.07556900000000001,0.042244,0.24615
NCP_2022_03_03_METADATA,2022_03_03_NCP_NEURONS_2,3500,46,CONTROL,BR00132673,E07,3,485,-1.1037,-0.91254,-0.80477,-0.86321
NCP_2022_03_03_METADATA,2022_03_03_NCP_NEURONS_2,3500,46,CONTROL,BR00132673,E08,3,556,-1.1789,-1.0159,-0.70716,-1.2883
NCP_2022_03_03_METADATA,2022_03_03_NCP_NEURONS_2,3500,1,DELETION,BR00132673,E09,3,616,-1.2143,-1.0421,-0.66662,-1.1316
NCP_2022_03_03_METADATA,2022_03_03_NCP_NEURONS_2,3500,1,DELETION,BR00132673,E10,3,201,-0.11135,-0.12218,0.40858,0.060661
NCP_2022_03_03_METADATA,2022_03_03_NCP_NEURONS_2,3500,33,DELETION,BR00132673,E11,3,566,-1.6942,-1.3679,-2.8533,-1.5565
NCP_2022_03_03_METADATA,2022_03_03_NCP_NEURONS_2,3500,33,DELETION,BR00132673,E12,3,194,0.42418999999999996,0.36908,-0.70152,0.5632
NCP_2022_03_03_METADATA,2022_03_03_NCP_NEURONS_2,3500,14,CONTROL,BR00132673,E13,3,725,-1.4147,-1.1348,-1.6807,-1.3157
NCP_2022_03_03_METADATA,2022_03_03_NCP_NEURONS_2,3500,14,CONTROL,BR00132673,E14,3,322,-0.5278,-0.46945,-0.9294100000000001,-0.15652
NCP_2022_03_03_METADATA,2022_03_03_NCP_NEURONS_2,3500,9,CONTROL,BR00132673,E15,3,395,-0.18003,-0.28859,-0.81595,-0.22409
NCP_2022_03_03_METADATA,2022_03_03_NCP_NEURONS_2,3500,9,CONTROL,BR00132673,E16,3,288,-0.32221,-0.28169,-1.4191,-0.24014000000000002
NCP_2022_03_03_METADATA,2022_03_03_NCP_NEURONS_2,3500,23,DELETION,BR00132673,E17,3,830,-1.4655,-1.2009999999999998,-0.77035,-1.5168
NCP_2022_03_03_METADATA,2022_03_03_NCP_NEURONS_2,3500,23,DELETION,BR00132673,E18,3,593,-1.149,-0.88805,-0.18350999999999998,-1.2455
NCP_2022_03_03_METADATA,2022_03_03_NCP_NEURONS_2,3500,22,CONTROL,BR00132673,E19,3,395,-0.64777,-0.47963,-1.6209,-0.072292
NCP_2022_03_03_METADATA,2022_03_03_NCP_NEURONS_2,3500,22,CONTROL,BR00132673,E20,3,258,0.24971,0.26319000000000004,-0.28783000000000003,0.36627
NCP_2022_03_03_METADATA,2022_03_03_NCP_NEURONS_2,3500,3,CONTROL,BR00132673,E21,3,373,-0.33268000000000003,-0.37346,-0.65018,-0.24174
NCP_2022_03_03_METADATA,2022_03_03_NCP_NEURONS_2,3500,3,CONTROL,BR00132673,E22,3,214,0.77572,0.7809699999999999,0.062272,0.68612
NCP_2022_03_03_METADATA,2022_03_03_NCP_NEURONS_2,3500,28,CONTROL,BR00132673,E23,3,434,-1.1358,-0.81822,-1.5184,-0.33559
NCP_2022_03_03_METADATA,2022_03_03_NCP_NEURONS_2,3500,28,CONTROL,BR00132673,E24,3,259,0.0052369,-0.03999,-0.40829,0.7300399999999999
NCP_2022_03_03_METADATA,2022_03_03_NCP_NEURONS_2,3500,27,CONTROL,BR00132673,F01,3,248,-0.10427,-0.14243,-0.191,-0.46173000000000003
NCP_2022_03_03_METADATA,2022_03_03_NCP_NEURONS_2,3500,27,CONTROL,BR00132673,F02,3,150,0.27460999999999997,0.21686,0.66837,-0.048629
NCP_2022_03_03_METADATA,2022_03_03_NCP_NEURONS_2,3500,41,CONTROL,BR00132673,F03,3,75,1.6732,1.9921,2.211,0.92355
NCP_2022_03_03_METADATA,2022_03_03_NCP_NEURONS_2,3500,41,CONTROL,BR00132673,F04,3,96,1.9587,3.3069,2.4092,1.7886
NCP_2022_03_03_METADATA,2022_03_03_NCP_NEURONS_2,3500,32,CONTROL,BR00132673,F05,3,148,1.1916,0.9062,-0.18487,1.1078
NCP_2022_03_03_METADATA,2022_03_03_NCP_NEURONS_2,3500,32,CONTROL,BR00132673,F06,3,116,0.10213,0.9293100000000001,0.79252,-0.048429
NCP_2022_03_03_METADATA,2022_03_03_NCP_NEURONS_2,3500,46,CONTROL,BR00132673,F07,3,429,-0.55947,-0.44527,0.5825199999999999,-0.59608
NCP_2022_03_03_METADATA,2022_03_03_NCP_NEURONS_2,3500,46,CONTROL,BR00132673,F08,3,251,0.74285,0.80023,1.3719,0.74528
NCP_2022_03_03_METADATA,2022_03_03_NCP_NEURONS_2,3500,1,DELETION,BR00132673,F09,3,301,-0.10645999999999999,0.055376,0.42278000000000004,-0.33038
NCP_2022_03_03_METADATA,2022_03_03_NCP_NEURONS_2,3500,1,DELETION,BR00132673,F10,3,93,0.053779999999999994,0.27275,0.73156,-0.60511
NCP_2022_03_03_METADATA,2022_03_03_NCP_NEURONS_2,3500,33,DELETION,BR00132673,F11,3,383,-0.72887,-0.6362,-2.1276,-0.60992
NCP_2022_03_03_METADATA,2022_03_03_NCP_NEURONS_2,3500,33,DELETION,BR00132673,F12,3,192,-0.56047,-0.45624,-0.51777,-0.068682
NCP_2022_03_03_METADATA,2022_03_03_NCP_NEURONS_2,3500,14,CONTROL,BR00132673,F13,3,380,-0.44814,-0.50189,-0.69598,-0.2271
NCP_2022_03_03_METADATA,2022_03_03_NCP_NEURONS_2,3500,14,CONTROL,BR00132673,F14,3,326,-0.49675,-0.43601999999999996,-0.43328,-0.7089
NCP_2022_03_03_METADATA,2022_03_03_NCP_NEURONS_2,3500,9,CONTROL,BR00132673,F15,3,259,0.9069799999999999,0.67186,0.072286,0.8198799999999999
NCP_2022_03_03_METADATA,2022_03_03_NCP_NEURONS_2,3500,9,CONTROL,BR00132673,F16,3,191,1.0057,0.9079299999999999,0.84055,0.7280300000000001
NCP_2022_03_03_METADATA,2022_03_03_NCP_NEURONS_2,3500,23,DELETION,BR00132673,F17,3,564,-1.1156,-0.98734,-0.21258000000000002,-1.3318
NCP_2022_03_03_METADATA,2022_03_03_NCP_NEURONS_2,3500,23,DELETION,BR00132673,F18,3,467,-0.6326,-0.49783999999999995,0.5832,-0.9174399999999999
NCP_2022_03_03_METADATA,2022_03_03_NCP_NEURONS_2,3500,22,CONTROL,BR00132673,F19,3,324,-0.68484,-0.54137,-1.1389,-0.4906
NCP_2022_03_03_METADATA,2022_03_03_NCP_NEURONS_2,3500,22,CONTROL,BR00132673,F20,3,263,0.15438,0.22043000000000001,-0.7882399999999999,0.19823
NCP_2022_03_03_METADATA,2022_03_03_NCP_NEURONS_2,3500,3,CONTROL,BR00132673,F21,3,318,-0.0030418000000000003,0.039227,0.22211,-0.0023061
NCP_2022_03_03_METADATA,2022_03_03_NCP_NEURONS_2,3500,3,CONTROL,BR00132673,F22,3,250,0.31976,0.25442,0.62432,0.16614
NCP_2022_03_03_METADATA,2022_03_03_NCP_NEURONS_2,3500,28,CONTROL,BR00132673,F23,3,286,-0.5375800000000001,-0.52652,-0.76705,0.0755
NCP_2022_03_03_METADATA,2022_03_03_NCP_NEURONS_2,3500,28,CONTROL,BR00132673,F24,3,225,0.41941999999999996,0.37148000000000003,-0.51125,0.74708
NCP_2022_03_03_METADATA,2022_03_03_NCP_NEURONS_2,3500,5,CONTROL,BR00132673,G01,3,130,0.60017,0.73739,1.0054,0.82649
NCP_2022_03_03_METADATA,2022_03_03_NCP_NEURONS_2,3500,5,CONTROL,BR00132673,G02,3,114,0.81698,1.6892,-0.56891,1.2312
NCP_2022_03_03_METADATA,2022_03_03_NCP_NEURONS_2,3500,35,DELETION,BR00132673,G03,3,136,1.0351,1.3586,0.26625,0.8726200000000001
NCP_2022_03_03_METADATA,2022_03_03_NCP_NEURONS_2,3500,35,DELETION,BR00132673,G04,3,88,0.88271,1.5269,-0.057411000000000004,0.9454100000000001
NCP_2022_03_03_METADATA,2022_03_03_NCP_NEURONS_2,3500,13,DELETION,BR00132673,G05,3,399,-0.7851199999999999,-0.81477,-0.3484,-0.75338
NCP_2022_03_03_METADATA,2022_03_03_NCP_NEURONS_2,3500,13,DELETION,BR00132673,G06,3,319,-0.56091,-0.5979,-0.17894000000000002,-0.47576
NCP_2022_03_03_METADATA,2022_03_03_NCP_NEURONS_2,3500,19,CONTROL,BR00132673,G07,3,306,-0.9999299999999999,-0.9418700000000001,-0.96577,-0.98536
NCP_2022_03_03_METADATA,2022_03_03_NCP_NEURONS_2,3500,19,CONTROL,BR00132673,G08,3,158,0.63799,0.82396,0.32118,0.61333
NCP_2022_03_03_METADATA,2022_03_03_NCP_NEURONS_2,3500,24,CONTROL,BR00132673,G09,3,481,-0.9216,-0.79223,-0.34762,-0.9687899999999999
NCP_2022_03_03_METADATA,2022_03_03_NCP_NEURONS_2,3500,24,CONTROL,BR00132673,G10,3,133,0.31989,0.0024322,0.43376000000000003,0.048027999999999994
NCP_2022_03_03_METADATA,2022_03_03_NCP_NEURONS_2,3500,17,CONTROL,BR00132673,G11,3,586,-1.1228,-0.9428,-0.87166,-1.2374
NCP_2022_03_03_METADATA,2022_03_03_NCP_NEURONS_2,3500,17,CONTROL,BR00132673,G12,3,306,-0.27153,-0.28972,-1.0165,-0.2638
NCP_2022_03_03_METADATA,2022_03_03_NCP_NEURONS_2,3500,21,CONTROL,BR00132673,G13,3,415,-0.99259,-0.79291,-1.2202,-0.65223
NCP_2022_03_03_METADATA,2022_03_03_NCP_NEURONS_2,3500,21,CONTROL,BR00132673,G14,3,247,0.01684,0.1215,-0.44621000000000005,0.12042
NCP_2022_03_03_METADATA,2022_03_03_NCP_NEURONS_2,3500,28,CONTROL,BR00132673,G15,3,403,-1.2144,-0.9271,-2.194,-0.5642
NCP_2022_03_03_METADATA,2022_03_03_NCP_NEURONS_2,3500,28,CONTROL,BR00132673,G16,3,177,0.79886,1.0322,-0.79515,2.0977
NCP_2022_03_03_METADATA,2022_03_03_NCP_NEURONS_2,3500,31,CONTROL,BR00132673,G17,3,329,-0.35645,-0.29682,-1.4402,0.056249
NCP_2022_03_03_METADATA,2022_03_03_NCP_NEURONS_2,3500,31,CONTROL,BR00132673,G18,3,271,0.25153000000000003,0.047258999999999995,-1.0659999999999998,0.67489
NCP_2022_03_03_METADATA,2022_03_03_NCP_NEURONS_2,3500,10,CONTROL,BR00132673,G19,3,571,-1.1215,-0.90015,-1.0265,-0.79686
NCP_2022_03_03_METADATA,2022_03_03_NCP_NEURONS_2,3500,10,CONTROL,BR00132673,G20,3,249,0.59446,0.5113300000000001,0.80788,0.46393
NCP_2022_03_03_METADATA,2022_03_03_NCP_NEURONS_2,3500,45,DELETION,BR00132673,G21,3,268,-0.14284000000000002,-0.1523,-1.4948,0.4529
NCP_2022_03_03_METADATA,2022_03_03_NCP_NEURONS_2,3500,45,DELETION,BR00132673,G22,3,157,0.029508,0.14899,-0.38661,0.39314
NCP_2022_03_03_METADATA,2022_03_03_NCP_NEURONS_2,3500,11,CONTROL,BR00132673,G23,3,300,-0.39352,-0.30796,-0.26498,0.13426
NCP_2022_03_03_METADATA,2022_03_03_NCP_NEURONS_2,3500,11,CONTROL,BR00132673,G24,3,246,0.67738,0.73405,0.24106999999999998,0.6877300000000001
NCP_2022_03_03_METADATA,2022_03_03_NCP_NEURONS_2,3500,5,CONTROL,BR00132673,H01,3,270,-0.08281799999999999,-0.14656,-0.29085,-0.2628
NCP_2022_03_03_METADATA,2022_03_03_NCP_NEURONS_2,3500,5,CONTROL,BR00132673,H02,3,43,2.0972,2.6468,0.75217,2.2372
NCP_2022_03_03_METADATA,2022_03_03_NCP_NEURONS_2,3500,35,DELETION,BR00132673,H03,3,204,-0.07178,-0.30479,0.035146,-0.18299
NCP_2022_03_03_METADATA,2022_03_03_NCP_NEURONS_2,3500,35,DELETION,BR00132673,H04,3,93,1.3446,1.9723,-0.11525999999999999,2.0909
NCP_2022_03_03_METADATA,2022_03_03_NCP_NEURONS_2,3500,13,DELETION,BR00132673,H05,3,584,-1.4517,-1.1923,-1.0299,-1.4067
NCP_2022_03_03_METADATA,2022_03_03_NCP_NEURONS_2,3500,13,DELETION,BR00132673,H06,3,206,0.8364299999999999,0.8147399999999999,0.60235,0.77175
NCP_2022_03_03_METADATA,2022_03_03_NCP_NEURONS_2,3500,19,CONTROL,BR00132673,H07,3,367,-0.39546,-0.46,-0.9411799999999999,-0.3384
NCP_2022_03_03_METADATA,2022_03_03_NCP_NEURONS_2,3500,19,CONTROL,BR00132673,H08,3,218,-0.13330999999999998,-0.077662,0.041272,-0.32075
NCP_2022_03_03_METADATA,2022_03_03_NCP_NEURONS_2,3500,24,CONTROL,BR00132673,H09,3,372,-0.60105,-0.52279,-0.64581,-0.43485
NCP_2022_03_03_METADATA,2022_03_03_NCP_NEURONS_2,3500,24,CONTROL,BR00132673,H10,3,182,0.23321,0.45698,0.050313,0.25738
NCP_2022_03_03_METADATA,2022_03_03_NCP_NEURONS_2,3500,17,CONTROL,BR00132673,H11,3,586,-1.2152,-0.9652,-1.2168,-1.0027
NCP_2022_03_03_METADATA,2022_03_03_NCP_NEURONS_2,3500,17,CONTROL,BR00132673,H12,3,249,0.11085,0.061342999999999995,-0.043313,-0.16353
NCP_2022_03_03_METADATA,2022_03_03_NCP_NEURONS_2,3500,21,CONTROL,BR00132673,H13,3,295,-0.093041,0.017026,-0.06236900000000001,-0.21606999999999998
NCP_2022_03_03_METADATA,2022_03_03_NCP_NEURONS_2,3500,21,CONTROL,BR00132673,H14,3,142,0.7469899999999999,0.47508,-0.12294000000000001,0.40618000000000004
NCP_2022_03_03_METADATA,2022_03_03_NCP_NEURONS_2,3500,28,CONTROL,BR00132673,H15,3,248,0.25309,0.19192,-0.61441,1.2085
NCP_2022_03_03_METADATA,2022_03_03_NCP_NEURONS_2,3500,28,CONTROL,BR00132673,H16,3,125,2.1318,1.7302,0.8732200000000001,2.3167
NCP_2022_03_03_METADATA,2022_03_03_NCP_NEURONS_2,3500,31,CONTROL,BR00132673,H17,3,303,0.15814,0.18485,-0.9653799999999999,0.27784000000000003
NCP_2022_03_03_METADATA,2022_03_03_NCP_NEURONS_2,3500,31,CONTROL,BR00132673,H18,3,217,0.51795,0.09036,-0.25264000000000003,0.47115
NCP_2022_03_03_METADATA,2022_03_03_NCP_NEURONS_2,3500,10,CONTROL,BR00132673,H19,3,140,1.242,0.82568,0.76928,1.3302
NCP_2022_03_03_METADATA,2022_03_03_NCP_NEURONS_2,3500,10,CONTROL,BR00132673,H20,3,268,-0.11592999999999999,-0.22648000000000001,0.31185,-0.10438
NCP_2022_03_03_METADATA,2022_03_03_NCP_NEURONS_2,3500,45,DELETION,BR00132673,H21,3,141,2.3569,2.1918,-0.28676,2.0405
NCP_2022_03_03_METADATA,2022_03_03_NCP_NEURONS_2,3500,45,DELETION,BR00132673,H22,3,159,0.6069399999999999,0.66864,0.35968,1.301
NCP_2022_03_03_METADATA,2022_03_03_NCP_NEURONS_2,3500,11,CONTROL,BR00132673,H23,3,94,-0.031201999999999997,-0.17455,0.25458000000000003,0.028175
NCP_2022_03_03_METADATA,2022_03_03_NCP_NEURONS_2,3500,11,CONTROL,BR00132673,H24,3,248,-0.18241,0.025199,-0.23805,0.13827
NCP_2022_03_03_METADATA,2022_03_03_NCP_NEURONS_2,3500,24,CONTROL,BR00132673,I01,3,362,-1.0874,-1.0154,0.017646000000000002,-0.9981700000000001
NCP_2022_03_03_METADATA,2022_03_03_NCP_NEURONS_2,3500,24,CONTROL,BR00132673,I02,3,424,-0.88146,-0.8766799999999999,-0.48178999999999994,-1.0824
NCP_2022_03_03_METADATA,2022_03_03_NCP_NEURONS_2,3500,38,DELETION,BR00132673,I03,3,231,-0.03277,-0.16992000000000002,-0.39779000000000003,-0.0009023999999999999
NCP_2022_03_03_METADATA,2022_03_03_NCP_NEURONS_2,3500,38,DELETION,BR00132673,I04,3,271,-0.62325,-0.48062,-0.84716,-0.5313100000000001
NCP_2022_03_03_METADATA,2022_03_03_NCP_NEURONS_2,3500,44,DELETION,BR00132673,I05,3,313,-0.42011000000000004,-0.37289,-1.0639,0.090741
NCP_2022_03_03_METADATA,2022_03_03_NCP_NEURONS_2,3500,44,DELETION,BR00132673,I06,3,144,1.078,1.2291,-0.12615,0.9777
NCP_2022_03_03_METADATA,2022_03_03_NCP_NEURONS_2,3500,47,DELETION,BR00132673,I07,3,472,-1.0053,-0.7550100000000001,-0.71406,-0.44928999999999997
NCP_2022_03_03_METADATA,2022_03_03_NCP_NEURONS_2,3500,47,DELETION,BR00132673,I08,3,306,-0.8285899999999999,-0.59259,-1.0896,-0.11942
NCP_2022_03_03_METADATA,2022_03_03_NCP_NEURONS_2,3500,20,CONTROL,BR00132673,I09,3,286,0.088274,-0.0027999,-1.2803,0.65003
NCP_2022_03_03_METADATA,2022_03_03_NCP_NEURONS_2,3500,20,CONTROL,BR00132673,I10,3,178,0.72372,0.59327,0.35433000000000003,0.78017
NCP_2022_03_03_METADATA,2022_03_03_NCP_NEURONS_2,3500,12,CONTROL,BR00132673,I11,3,357,-0.50271,-0.49806999999999996,-0.64163,-0.40357
NCP_2022_03_03_METADATA,2022_03_03_NCP_NEURONS_2,3500,12,CONTROL,BR00132673,I12,3,94,3.1647,4.04,1.2888,2.6209
NCP_2022_03_03_METADATA,2022_03_03_NCP_NEURONS_2,3500,47,DELETION,BR00132673,I13,3,424,-1.2879,-0.97846,-1.1078,-0.6632399999999999
NCP_2022_03_03_METADATA,2022_03_03_NCP_NEURONS_2,3500,47,DELETION,BR00132673,I14,3,255,1.0042,0.7358600000000001,0.086578,0.8788299999999999
NCP_2022_03_03_METADATA,2022_03_03_NCP_NEURONS_2,3500,5,CONTROL,BR00132673,I15,3,316,-0.59691,-0.54406,-0.26343,-0.52249
NCP_2022_03_03_METADATA,2022_03_03_NCP_NEURONS_2,3500,5,CONTROL,BR00132673,I16,3,113,1.8718,2.1991,-0.14919000000000002,1.8795
NCP_2022_03_03_METADATA,2022_03_03_NCP_NEURONS_2,3500,40,CONTROL,BR00132673,I17,3,271,0.68478,0.79938,-0.032813,0.5894699999999999
NCP_2022_03_03_METADATA,2022_03_03_NCP_NEURONS_2,3500,40,CONTROL,BR00132673,I18,3,173,0.9486899999999999,1.2622,1.1504,0.51747
NCP_2022_03_03_METADATA,2022_03_03_NCP_NEURONS_2,3500,27,CONTROL,BR00132673,I19,3,373,-1.6729,-1.2263,-1.5078,-1.4175
NCP_2022_03_03_METADATA,2022_03_03_NCP_NEURONS_2,3500,27,CONTROL,BR00132673,I20,3,216,0.30451999999999996,0.48294,-0.69325,0.76373
NCP_2022_03_03_METADATA,2022_03_03_NCP_NEURONS_2,3500,42,DELETION,BR00132673,I21,3,303,-0.6998300000000001,-0.76646,0.22191,-0.68061
NCP_2022_03_03_METADATA,2022_03_03_NCP_NEURONS_2,3500,42,DELETION,BR00132673,I22,3,219,-0.33218000000000003,-0.51495,0.12819,0.041811
NCP_2022_03_03_METADATA,2022_03_03_NCP_NEURONS_2,3500,19,CONTROL,BR00132673,I23,3,736,-1.4623,-1.1779,-1.5129,-1.3373
NCP_2022_03_03_METADATA,2022_03_03_NCP_NEURONS_2,3500,19,CONTROL,BR00132673,I24,3,192,-0.22111,0.06637699999999999,-0.9936799999999999,-0.0097258
NCP_2022_03_03_METADATA,2022_03_03_NCP_NEURONS_2,3500,24,CONTROL,BR00132673,J01,3,847,-1.6583,-1.3514,-1.5713,-1.7605
NCP_2022_03_03_METADATA,2022_03_03_NCP_NEURONS_2,3500,24,CONTROL,BR00132673,J02,3,151,0.69995,0.40383,0.9964,0.08592799999999999
NCP_2022_03_03_METADATA,2022_03_03_NCP_NEURONS_2,3500,38,DELETION,BR00132673,J03,3,377,-0.89444,-0.81279,-0.6497,-0.82509
NCP_2022_03_03_METADATA,2022_03_03_NCP_NEURONS_2,3500,38,DELETION,BR00132673,J04,3,86,2.4013,3.385,1.0009,1.9483
NCP_2022_03_03_METADATA,2022_03_03_NCP_NEURONS_2,3500,44,DELETION,BR00132673,J05,3,196,1.2601,1.2254,-1.4172,1.2358
NCP_2022_03_03_METADATA,2022_03_03_NCP_NEURONS_2,3500,44,DELETION,BR00132673,J06,3,117,0.1599,0.27668000000000004,0.25089,0.36928
NCP_2022_03_03_METADATA,2022_03_03_NCP_NEURONS_2,3500,47,DELETION,BR00132673,J07,3,436,-0.9565299999999999,-0.76785,-0.81955,-0.46173000000000003
NCP_2022_03_03_METADATA,2022_03_03_NCP_NEURONS_2,3500,47,DELETION,BR00132673,J08,3,242,0.22111,0.015668,-0.12265,0.43185
NCP_2022_03_03_METADATA,2022_03_03_NCP_NEURONS_2,3500,20,CONTROL,BR00132673,J09,3,298,-0.35683000000000004,-0.39326,-0.41441999999999996,-0.43365
NCP_2022_03_03_METADATA,2022_03_03_NCP_NEURONS_2,3500,20,CONTROL,BR00132673,J10,3,134,1.953,2.2,0.97929,1.8941
NCP_2022_03_03_METADATA,2022_03_03_NCP_NEURONS_2,3500,12,CONTROL,BR00132673,J11,3,196,0.49405,0.60209,0.65125,0.23292
NCP_2022_03_03_METADATA,2022_03_03_NCP_NEURONS_2,3500,12,CONTROL,BR00132673,J12,3,113,2.9219,3.995,2.0362,2.0211
NCP_2022_03_03_METADATA,2022_03_03_NCP_NEURONS_2,3500,47,DELETION,BR00132673,J13,3,451,-1.0011,-0.88403,-0.97657,-0.84354
NCP_2022_03_03_METADATA,2022_03_03_NCP_NEURONS_2,3500,47,DELETION,BR00132673,J14,3,293,0.0039825,-0.12485999999999998,0.24155,0.30571
NCP_2022_03_03_METADATA,2022_03_03_NCP_NEURONS_2,3500,5,CONTROL,BR00132673,J15,3,157,0.89594,1.2121,1.5516,0.68813
NCP_2022_03_03_METADATA,2022_03_03_NCP_NEURONS_2,3500,5,CONTROL,BR00132673,J16,3,58,7.5435,9.7651,1.8737,6.7703
NCP_2022_03_03_METADATA,2022_03_03_NCP_NEURONS_2,3500,40,CONTROL,BR00132673,J17,3,176,2.0259,2.6833,0.9092899999999999,1.9778
NCP_2022_03_03_METADATA,2022_03_03_NCP_NEURONS_2,3500,40,CONTROL,BR00132673,J18,3,206,0.28169,0.17127,0.89976,-0.20825
NCP_2022_03_03_METADATA,2022_03_03_NCP_NEURONS_2,3500,27,CONTROL,BR00132673,J19,3,241,0.67161,0.62972,-0.18623,1.006
NCP_2022_03_03_METADATA,2022_03_03_NCP_NEURONS_2,3500,27,CONTROL,BR00132673,J20,3,240,-0.2662,-0.12854000000000002,-0.99572,-0.00050133
NCP_2022_03_03_METADATA,2022_03_03_NCP_NEURONS_2,3500,42,DELETION,BR00132673,J21,3,266,0.32716,0.3971,0.11215,0.39174000000000003
NCP_2022_03_03_METADATA,2022_03_03_NCP_NEURONS_2,3500,42,DELETION,BR00132673,J22,3,234,-0.17997,-0.27809,0.1138,0.11079000000000001
NCP_2022_03_03_METADATA,2022_03_03_NCP_NEURONS_2,3500,19,CONTROL,BR00132673,J23,3,217,0.95609,1.1725,0.052063,1.6336
NCP_2022_03_03_METADATA,2022_03_03_NCP_NEURONS_2,3500,19,CONTROL,BR00132673,J24,3,187,0.38235,0.31166,1.1208,0.23192
NCP_2022_03_03_METADATA,2022_03_03_NCP_NEURONS_2,3500,6,CONTROL,BR00132673,K01,3,439,-1.2491,-1.0586,-1.6513,-1.2273
NCP_2022_03_03_METADATA,2022_03_03_NCP_NEURONS_2,3500,6,CONTROL,BR00132673,K02,3,144,-0.042616,-0.20931,1.1499,-0.39214
NCP_2022_03_03_METADATA,2022_03_03_NCP_NEURONS_2,3500,40,CONTROL,BR00132673,K03,3,271,-0.10533,-0.22628,0.23271,-0.4148
NCP_2022_03_03_METADATA,2022_03_03_NCP_NEURONS_2,3500,40,CONTROL,BR00132673,K04,3,277,-1.1266,-1.0257,0.56745,-1.4732
NCP_2022_03_03_METADATA,2022_03_03_NCP_NEURONS_2,3500,41,CONTROL,BR00132673,K05,3,246,-0.24706999999999998,-0.032976,0.27266,-0.39936
NCP_2022_03_03_METADATA,2022_03_03_NCP_NEURONS_2,3500,41,CONTROL,BR00132673,K06,3,108,0.53796,0.8701200000000001,0.7336,0.099564
NCP_2022_03_03_METADATA,2022_03_03_NCP_NEURONS_2,3500,2,DELETION,BR00132673,K07,3,664,-1.3284,-1.1656,-0.8037,-1.4271
NCP_2022_03_03_METADATA,2022_03_03_NCP_NEURONS_2,3500,2,DELETION,BR00132673,K08,3,209,0.73332,0.93106,0.9793799999999999,0.78238
NCP_2022_03_03_METADATA,2022_03_03_NCP_NEURONS_2,3500,26,CONTROL,BR00132673,K09,3,523,-1.1622,-0.9281799999999999,-1.3,-1.0706
NCP_2022_03_03_METADATA,2022_03_03_NCP_NEURONS_2,3500,26,CONTROL,BR00132673,K10,3,316,-0.70209,-0.69225,-0.59564,-0.88118
NCP_2022_03_03_METADATA,2022_03_03_NCP_NEURONS_2,3500,48,DELETION,BR00132673,K11,3,372,-0.40155,-0.28285,-1.767,0.051437000000000004
NCP_2022_03_03_METADATA,2022_03_03_NCP_NEURONS_2,3500,48,DELETION,BR00132673,K12,3,129,1.6645,1.9548,1.2497,1.6286
NCP_2022_03_03_METADATA,2022_03_03_NCP_NEURONS_2,3500,39,CONTROL,BR00132673,K13,3,614,-1.8125,-1.4483,-2.0057,-1.8283
NCP_2022_03_03_METADATA,2022_03_03_NCP_NEURONS_2,3500,39,CONTROL,BR00132673,K14,2,169,0.09097100000000001,-0.098901,-0.11982999999999999,0.24034
NCP_2022_03_03_METADATA,2022_03_03_NCP_NEURONS_2,3500,48,DELETION,BR00132673,K15,3,243,0.16735999999999998,0.055885000000000004,-0.8718600000000001,0.9768899999999999
NCP_2022_03_03_METADATA,2022_03_03_NCP_NEURONS_2,3500,48,DELETION,BR00132673,K16,3,66,2.5951,2.3753,1.9276,2.3239
NCP_2022_03_03_METADATA,2022_03_03_NCP_NEURONS_2,3500,30,CONTROL,BR00132673,K17,3,389,-0.46407,-0.38079,-1.3854,-0.061664
NCP_2022_03_03_METADATA,2022_03_03_NCP_NEURONS_2,3500,30,CONTROL,BR00132673,K18,3,184,1.3183,1.3583,0.26255,1.239
NCP_2022_03_03_METADATA,2022_03_03_NCP_NEURONS_2,3500,8,DELETION,BR00132673,K19,3,431,-0.54178,-0.45423,-1.3302,-0.13606
NCP_2022_03_03_METADATA,2022_03_03_NCP_NEURONS_2,3500,8,DELETION,BR00132673,K20,3,126,-0.20744,-0.38528,-0.047008,0.09776
NCP_2022_03_03_METADATA,2022_03_03_NCP_NEURONS_2,3500,46,CONTROL,BR00132673,K21,3,758,-1.4046,-1.1945,-1.0997,-1.4059
NCP_2022_03_03_METADATA,2022_03_03_NCP_NEURONS_2,3500,46,CONTROL,BR00132673,K22,3,224,0.92624,0.70594,0.67294,1.025
NCP_2022_03_03_METADATA,2022_03_03_NCP_NEURONS_2,3500,32,CONTROL,BR00132673,K23,3,328,-0.79378,-0.70996,-0.7499399999999999,-0.47657
NCP_2022_03_03_METADATA,2022_03_03_NCP_NEURONS_2,3500,32,CONTROL,BR00132673,K24,3,142,1.0398,1.1711,0.58913,1.0717
NCP_2022_03_03_METADATA,2022_03_03_NCP_NEURONS_2,3500,6,CONTROL,BR00132673,L01,3,138,-0.1461,-0.26163000000000003,0.67994,-0.36225999999999997
NCP_2022_03_03_METADATA,2022_03_03_NCP_NEURONS_2,3500,6,CONTROL,BR00132673,L02,3,104,0.034149,0.31647,-0.5894199999999999,0.47255
NCP_2022_03_03_METADATA,2022_03_03_NCP_NEURONS_2,3500,40,CONTROL,BR00132673,L03,3,139,-0.024867,-0.036144,0.50464,-0.25859
NCP_2022_03_03_METADATA,2022_03_03_NCP_NEURONS_2,3500,40,CONTROL,BR00132673,L04,3,199,-0.34911,-0.08377000000000001,1.0856,-0.6905100000000001
NCP_2022_03_03_METADATA,2022_03_03_NCP_NEURONS_2,3500,41,CONTROL,BR00132673,L05,3,111,0.4292,0.71765,0.69539,0.091543
NCP_2022_03_03_METADATA,2022_03_03_NCP_NEURONS_2,3500,41,CONTROL,BR00132673,L06,3,151,-0.16685999999999998,0.032637,0.88051,-0.64441
NCP_2022_03_03_METADATA,2022_03_03_NCP_NEURONS_2,3500,2,DELETION,BR00132673,L07,3,167,0.6077,0.82221,0.72135,0.6863199999999999
NCP_2022_03_03_METADATA,2022_03_03_NCP_NEURONS_2,3500,2,DELETION,BR00132673,L08,3,197,0.31337,0.48922,0.6954899999999999,0.5886600000000001
NCP_2022_03_03_METADATA,2022_03_03_NCP_NEURONS_2,3500,26,CONTROL,BR00132673,L09,3,398,-0.78895,-0.72087,-1.1936,-0.6029
NCP_2022_03_03_METADATA,2022_03_03_NCP_NEURONS_2,3500,26,CONTROL,BR00132673,L10,3,435,-0.8561799999999999,-0.67005,-1.167,-0.93994
NCP_2022_03_03_METADATA,2022_03_03_NCP_NEURONS_2,3500,48,DELETION,BR00132673,L11,3,116,0.11669000000000002,-0.12639,-0.35569,0.37129
NCP_2022_03_03_METADATA,2022_03_03_NCP_NEURONS_2,3500,48,DELETION,BR00132673,L12,3,110,2.1223,2.4619,1.4297,1.5506
NCP_2022_03_03_METADATA,2022_03_03_NCP_NEURONS_2,3500,39,CONTROL,BR00132673,L13,3,367,-0.8533,-0.6691699999999999,-0.5305,-0.81272
NCP_2022_03_03_METADATA,2022_03_03_NCP_NEURONS_2,3500,39,CONTROL,BR00132673,L14,3,269,0.5385800000000001,0.71185,-0.16776,0.44187
NCP_2022_03_03_METADATA,2022_03_03_NCP_NEURONS_2,3500,48,DELETION,BR00132673,L15,3,146,1.6135,1.7854,0.017256999999999998,1.1209
NCP_2022_03_03_METADATA,2022_03_03_NCP_NEURONS_2,3500,48,DELETION,BR00132673,L16,3,85,4.2791,5.1438,1.0398,3.2407
NCP_2022_03_03_METADATA,2022_03_03_NCP_NEURONS_2,3500,30,CONTROL,BR00132673,L17,3,223,0.8299,1.0515,-0.085411,1.1251
NCP_2022_03_03_METADATA,2022_03_03_NCP_NEURONS_2,3500,30,CONTROL,BR00132673,L18,3,122,1.67,2.1318,0.050702,1.6962
NCP_2022_03_03_METADATA,2022_03_03_NCP_NEURONS_2,3500,8,DELETION,BR00132673,L19,3,216,0.64859,0.73001,-0.48627,0.50584
NCP_2022_03_03_METADATA,2022_03_03_NCP_NEURONS_2,3500,8,DELETION,BR00132673,L20,3,144,0.060177,-0.18457,0.8731200000000001,-0.18118
NCP_2022_03_03_METADATA,2022_03_03_NCP_NEURONS_2,3500,46,CONTROL,BR00132673,L21,3,423,-0.8546799999999999,-0.73982,0.59817,-0.8344
NCP_2022_03_03_METADATA,2022_03_03_NCP_NEURONS_2,3500,46,CONTROL,BR00132673,L22,3,248,-0.27599,0.14197,0.60478,-0.083923
NCP_2022_03_03_METADATA,2022_03_03_NCP_NEURONS_2,3500,32,CONTROL,BR00132673,L23,3,176,0.14334000000000002,0.13479000000000002,-0.53799,0.5493600000000001
NCP_2022_03_03_METADATA,2022_03_03_NCP_NEURONS_2,3500,32,CONTROL,BR00132673,L24,3,90,2.2163,2.8425,-0.22609,3.3406
NCP_2022_03_03_METADATA,2022_03_03_NCP_NEURONS_2,3500,14,CONTROL,BR00132673,M01,3,878,-1.8572,-1.4989,-2.3256,-1.9153
NCP_2022_03_03_METADATA,2022_03_03_NCP_NEURONS_2,3500,14,CONTROL,BR00132673,M02,3,163,0.28759,0.7431300000000001,-0.30796,0.073094
NCP_2022_03_03_METADATA,2022_03_03_NCP_NEURONS_2,3500,36,DELETION,BR00132673,M03,3,539,-0.9211600000000001,-0.75362,-1.3098,-0.90935
NCP_2022_03_03_METADATA,2022_03_03_NCP_NEURONS_2,3500,36,DELETION,BR00132673,M04,3,157,0.86521,1.0662,0.096397,0.43325
NCP_2022_03_03_METADATA,2022_03_03_NCP_NEURONS_2,3500,43,CONTROL,BR00132673,M05,3,347,0.45768000000000003,0.33171999999999996,0.21306999999999998,0.44688999999999995
NCP_2022_03_03_METADATA,2022_03_03_NCP_NEURONS_2,3500,43,CONTROL,BR00132673,M06,3,170,1.8821,1.8439,1.3257,1.5897
NCP_2022_03_03_METADATA,2022_03_03_NCP_NEURONS_2,3500,16,DELETION,BR00132673,M07,3,786,-1.5998,-1.3222,-1.1102,-1.6829
NCP_2022_03_03_METADATA,2022_03_03_NCP_NEURONS_2,3500,16,DELETION,BR00132673,M08,3,180,0.17489000000000002,0.37439,0.14665999999999998,0.29929
NCP_2022_03_03_METADATA,2022_03_03_NCP_NEURONS_2,3500,45,DELETION,BR00132673,M09,3,319,-0.31085999999999997,-0.21251,-2.1508,0.20464000000000002
NCP_2022_03_03_METADATA,2022_03_03_NCP_NEURONS_2,3500,45,DELETION,BR00132673,M10,3,156,0.86772,0.90159,-0.044091000000000005,0.67489
NCP_2022_03_03_METADATA,2022_03_03_NCP_NEURONS_2,3500,4,DELETION,BR00132673,M11,3,272,0.014143000000000001,0.23528000000000002,-0.77035,0.31835
NCP_2022_03_03_METADATA,2022_03_03_NCP_NEURONS_2,3500,4,DELETION,BR00132673,M12,3,156,-0.49995,-0.53642,0.26750999999999997,-1.1222
NCP_2022_03_03_METADATA,2022_03_03_NCP_NEURONS_2,3500,25,CONTROL,BR00132673,M13,3,657,-1.5517,-1.2487,-1.9124,-1.4239
NCP_2022_03_03_METADATA,2022_03_03_NCP_NEURONS_2,3500,25,CONTROL,BR00132673,M14,3,352,-0.47831,-0.51473,-1.234,-0.4519
NCP_2022_03_03_METADATA,2022_03_03_NCP_NEURONS_2,3500,34,DELETION,BR00132673,M15,3,195,0.9194,0.9112100000000001,0.63648,0.83111
NCP_2022_03_03_METADATA,2022_03_03_NCP_NEURONS_2,3500,34,DELETION,BR00132673,M16,3,79,1.7947,1.8168,1.2319,1.5348
NCP_2022_03_03_METADATA,2022_03_03_NCP_NEURONS_2,3500,44,DELETION,BR00132673,M17,3,402,-0.36391999999999997,-0.25256,-2.1188,0.00050133
NCP_2022_03_03_METADATA,2022_03_03_NCP_NEURONS_2,3500,44,DELETION,BR00132673,M18,3,141,2.6865,2.6830000000000003,0.84405,2.9878
NCP_2022_03_03_METADATA,2022_03_03_NCP_NEURONS_2,3500,15,DELETION,BR00132673,M19,3,585,-1.2649,-1.0171,-0.9224100000000001,-0.87923
NCP_2022_03_03_METADATA,2022_03_03_NCP_NEURONS_2,3500,15,DELETION,BR00132673,M20,3,249,0.5775899999999999,0.26602,0.62821,0.7174
NCP_2022_03_03_METADATA,2022_03_03_NCP_NEURONS_2,3500,37,DELETION,BR00132673,M21,3,72,0.48131999999999997,1.1804,0.1034,3.3943
NCP_2022_03_03_METADATA,2022_03_03_NCP_NEURONS_2,3500,37,DELETION,BR00132673,M22,3,129,2.6611,2.9739999999999998,0.47333000000000003,3.2535
NCP_2022_03_03_METADATA,2022_03_03_NCP_NEURONS_2,3500,7,CONTROL,BR00132673,M23,3,373,-0.13243,0.080631,-1.3332,0.44147
NCP_2022_03_03_METADATA,2022_03_03_NCP_NEURONS_2,3500,7,CONTROL,BR00132673,M24,3,116,2.3248,2.9675,0.24778000000000003,2.7376
NCP_2022_03_03_METADATA,2022_03_03_NCP_NEURONS_2,3500,14,CONTROL,BR00132673,N01,3,324,-0.69512,-0.61626,-0.5717300000000001,-0.8214600000000001
NCP_2022_03_03_METADATA,2022_03_03_NCP_NEURONS_2,3500,14,CONTROL,BR00132673,N02,3,191,0.35325,1.0005,1.2681,-0.042613
NCP_2022_03_03_METADATA,2022_03_03_NCP_NEURONS_2,3500,36,DELETION,BR00132673,N03,3,257,-0.10402,0.022993,0.2155,-0.38311999999999996
NCP_2022_03_03_METADATA,2022_03_03_NCP_NEURONS_2,3500,36,DELETION,BR00132673,N04,3,122,1.2741,2.3128,1.3736,0.63098
NCP_2022_03_03_METADATA,2022_03_03_NCP_NEURONS_2,3500,43,CONTROL,BR00132673,N05,3,205,1.0836,0.7307100000000001,0.82052,0.74568
NCP_2022_03_03_METADATA,2022_03_03_NCP_NEURONS_2,3500,43,CONTROL,BR00132673,N06,3,155,1.0779,0.9605,2.605,0.51527
NCP_2022_03_03_METADATA,2022_03_03_NCP_NEURONS_2,3500,16,DELETION,BR00132673,N07,3,202,-0.73288,-0.7799,0.6695300000000001,-0.8308700000000001
NCP_2022_03_03_METADATA,2022_03_03_NCP_NEURONS_2,3500,16,DELETION,BR00132673,N08,3,179,0.5212100000000001,1.0656,0.051674,0.34822
NCP_2022_03_03_METADATA,2022_03_03_NCP_NEURONS_2,3500,45,DELETION,BR00132673,N09,3,158,1.9086,1.9494,0.10583,1.5442
NCP_2022_03_03_METADATA,2022_03_03_NCP_NEURONS_2,3500,45,DELETION,BR00132673,N10,3,105,3.0254,3.4763,1.3759,2.2104
NCP_2022_03_03_METADATA,2022_03_03_NCP_NEURONS_2,3500,4,DELETION,BR00132673,N11,3,115,0.5908899999999999,1.0882,1.1068,0.19702
NCP_2022_03_03_METADATA,2022_03_03_NCP_NEURONS_2,3500,4,DELETION,BR00132673,N12,3,108,0.50076,1.1075,0.8145899999999999,-0.17376
NCP_2022_03_03_METADATA,2022_03_03_NCP_NEURONS_2,3500,25,CONTROL,BR00132673,N13,3,436,-0.47712,-0.40796,-1.4841,-0.43866000000000005
NCP_2022_03_03_METADATA,2022_03_03_NCP_NEURONS_2,3500,25,CONTROL,BR00132673,N14,3,413,-0.28364,-0.29953,-0.65232,-0.33639
NCP_2022_03_03_METADATA,2022_03_03_NCP_NEURONS_2,3500,34,DELETION,BR00132673,N15,3,61,4.1173,4.9614,1.6207,2.9742
NCP_2022_03_03_METADATA,2022_03_03_NCP_NEURONS_2,3500,34,DELETION,BR00132673,N16,3,70,4.4058,5.1594,1.9222,3.583
NCP_2022_03_03_METADATA,2022_03_03_NCP_NEURONS_2,3500,44,DELETION,BR00132673,N17,3,117,2.8401,2.6041,0.40051,2.7187
NCP_2022_03_03_METADATA,2022_03_03_NCP_NEURONS_2,3500,44,DELETION,BR00132673,N18,3,86,3.5688,4.3069999999999995,1.3966,3.0219
NCP_2022_03_03_METADATA,2022_03_03_NCP_NEURONS_2,3500,15,DELETION,BR00132673,N19,3,344,-0.078051,-0.23284000000000002,0.11350999999999999,0.023964
NCP_2022_03_03_METADATA,2022_03_03_NCP_NEURONS_2,3500,15,DELETION,BR00132673,N20,3,251,0.75784,0.51888,0.72505,0.99354
NCP_2022_03_03_METADATA,2022_03_03_NCP_NEURONS_2,3500,37,DELETION,BR00132673,N21,3,332,-0.75402,-0.6191399999999999,-0.42599,-0.6544399999999999
NCP_2022_03_03_METADATA,2022_03_03_NCP_NEURONS_2,3500,37,DELETION,BR00132673,N22,3,231,0.4817,0.5931,0.7302,0.16614
NCP_2022_03_03_METADATA,2022_03_03_NCP_NEURONS_2,3500,7,CONTROL,BR00132673,N23,3,251,-0.016463,0.15425,-0.40993999999999997,-0.015941999999999998
NCP_2022_03_03_METADATA,2022_03_03_NCP_NEURONS_2,3500,7,CONTROL,BR00132673,N24,3,128,1.7963,2.0215,0.78367,1.6964
NCP_2022_03_03_METADATA,2022_03_03_NCP_NEURONS_2,3500,10,CONTROL,BR00132673,O01,3,214,-0.8558100000000001,-0.58077,0.23494,-1.3983
NCP_2022_03_03_METADATA,2022_03_03_NCP_NEURONS_2,3500,10,CONTROL,BR00132673,O02,3,295,-0.35175,-0.31766,0.44183,-0.4146
NCP_2022_03_03_METADATA,2022_03_03_NCP_NEURONS_2,3500,25,CONTROL,BR00132673,O03,3,423,-0.92009,-0.78841,-1.7416,-0.64962
NCP_2022_03_03_METADATA,2022_03_03_NCP_NEURONS_2,3500,25,CONTROL,BR00132673,O04,3,268,-0.27693,-0.11485,-0.72213,-0.18158
NCP_2022_03_03_METADATA,2022_03_03_NCP_NEURONS_2,3500,8,DELETION,BR00132673,O05,3,325,0.075919,0.13785,-0.8284,0.3015
NCP_2022_03_03_METADATA,2022_03_03_NCP_NEURONS_2,3500,8,DELETION,BR00132673,O06,3,190,1.1055,1.1988,-0.20733000000000001,0.7892
NCP_2022_03_03_METADATA,2022_03_03_NCP_NEURONS_2,3500,31,CONTROL,BR00132673,O07,3,582,-1.6285,-1.2329,-2.1682,-1.2004
NCP_2022_03_03_METADATA,2022_03_03_NCP_NEURONS_2,3500,31,CONTROL,BR00132673,O08,3,183,1.3703,1.6287,0.22336999999999999,1.3198
NCP_2022_03_03_METADATA,2022_03_03_NCP_NEURONS_2,3500,18,DELETION,BR00132673,O09,3,293,0.33399999999999996,0.22891,-0.17651,0.27262
NCP_2022_03_03_METADATA,2022_03_03_NCP_NEURONS_2,3500,18,DELETION,BR00132673,O10,3,168,0.74762,0.61747,0.77862,0.23331999999999997
NCP_2022_03_03_METADATA,2022_03_03_NCP_NEURONS_2,3500,21,CONTROL,BR00132673,O11,3,231,0.7220300000000001,0.50568,-0.583,0.8934700000000001
NCP_2022_03_03_METADATA,2022_03_03_NCP_NEURONS_2,3500,21,CONTROL,BR00132673,O12,3,123,3.3979,3.639,1.0592,2.7586
NCP_2022_03_03_METADATA,2022_03_03_NCP_NEURONS_2,3500,3,CONTROL,BR00132673,O13,3,329,-0.24488000000000001,-0.12775,-0.44436000000000003,-0.36467
NCP_2022_03_03_METADATA,2022_03_03_NCP_NEURONS_2,3500,3,CONTROL,BR00132673,O14,3,76,3.8194,5.8868,2.0238,3.2509
NCP_2022_03_03_METADATA,2022_03_03_NCP_NEURONS_2,3500,23,DELETION,BR00132673,O15,3,663,-1.1249,-0.92037,-0.35424,-1.2166
NCP_2022_03_03_METADATA,2022_03_03_NCP_NEURONS_2,3500,23,DELETION,BR00132673,O16,3,239,1.1585,1.5399,0.083661,0.5662
NCP_2022_03_03_METADATA,2022_03_03_NCP_NEURONS_2,3500,33,DELETION,BR00132673,O17,3,415,-1.2527,-0.9868600000000001,-2.2744,-1.0169
NCP_2022_03_03_METADATA,2022_03_03_NCP_NEURONS_2,3500,33,DELETION,BR00132673,O18,3,142,4.0477,4.3304,1.2739,3.4779
NCP_2022_03_03_METADATA,2022_03_03_NCP_NEURONS_2,3500,13,DELETION,BR00132673,O19,3,384,-0.5784100000000001,-0.49113999999999997,-0.75062,-0.29147
NCP_2022_03_03_METADATA,2022_03_03_NCP_NEURONS_2,3500,13,DELETION,BR00132673,O20,3,183,-0.25184,-0.1674,-0.75412,0.11520999999999999
NCP_2022_03_03_METADATA,2022_03_03_NCP_NEURONS_2,3500,35,DELETION,BR00132673,O21,2,113,2.151,1.778,-0.79447,1.9852
NCP_2022_03_03_METADATA,2022_03_03_NCP_NEURONS_2,3500,35,DELETION,BR00132673,O22,3,91,2.4066,3.0812,2.7,2.0798
NCP_2022_03_03_METADATA,2022_03_03_NCP_NEURONS_2,3500,22,CONTROL,BR00132673,O23,3,588,-1.4643,-1.1279,-2.0803,-1.1008
NCP_2022_03_03_METADATA,2022_03_03_NCP_NEURONS_2,3500,22,CONTROL,BR00132673,O24,3,325,-0.48333000000000004,-0.42368999999999996,-0.75353,-0.68911
NCP_2022_03_03_METADATA,2022_03_03_NCP_NEURONS_2,3500,10,CONTROL,BR00132673,P01,3,233,-0.70196,-0.45453999999999994,-0.046911,-0.83993
NCP_2022_03_03_METADATA,2022_03_03_NCP_NEURONS_2,3500,10,CONTROL,BR00132673,P02,3,171,0.10966,0.68538,0.22425,0.52289
NCP_2022_03_03_METADATA,2022_03_03_NCP_NEURONS_2,3500,25,CONTROL,BR00132673,P03,3,399,-0.5350699999999999,-0.52225,-0.88936,-0.43806000000000006
NCP_2022_03_03_METADATA,2022_03_03_NCP_NEURONS_2,3500,25,CONTROL,BR00132673,P04,3,301,-0.6378,-0.5826,-0.74653,-0.48238000000000003
NCP_2022_03_03_METADATA,2022_03_03_NCP_NEURONS_2,3500,8,DELETION,BR00132673,P05,3,176,0.9910899999999999,0.61705,0.37903000000000003,0.46092
NCP_2022_03_03_METADATA,2022_03_03_NCP_NEURONS_2,3500,8,DELETION,BR00132673,P06,3,117,1.0181,0.98856,0.61655,0.51326
NCP_2022_03_03_METADATA,2022_03_03_NCP_NEURONS_2,3500,31,CONTROL,BR00132673,P07,3,131,2.0536,1.4683,0.022799,2.1191
NCP_2022_03_03_METADATA,2022_03_03_NCP_NEURONS_2,3500,31,CONTROL,BR00132673,P08,3,178,1.3481,1.0625,0.059452,1.1119
NCP_2022_03_03_METADATA,2022_03_03_NCP_NEURONS_2,3500,18,DELETION,BR00132673,P09,3,157,0.06425399999999999,0.12197999999999999,1.7436,-0.55718
NCP_2022_03_03_METADATA,2022_03_03_NCP_NEURONS_2,3500,18,DELETION,BR00132673,P10,3,151,0.6331,0.7205600000000001,0.88051,-0.19883
NCP_2022_03_03_METADATA,2022_03_03_NCP_NEURONS_2,3500,21,CONTROL,BR00132673,P11,3,92,3.5656,3.4987,2.0855,3.0382
NCP_2022_03_03_METADATA,2022_03_03_NCP_NEURONS_2,3500,21,CONTROL,BR00132673,P12,3,102,2.8160000000000003,2.8932,1.2647,2.4318
NCP_2022_03_03_METADATA,2022_03_03_NCP_NEURONS_2,3500,3,CONTROL,BR00132673,P13,3,92,2.2792,2.8816,1.6628,1.5055
NCP_2022_03_03_METADATA,2022_03_03_NCP_NEURONS_2,3500,3,CONTROL,BR00132673,P14,3,64,3.5064,4.4037,2.1508,3.1571
NCP_2022_03_03_METADATA,2022_03_03_NCP_NEURONS_2,3500,23,DELETION,BR00132673,P15,3,334,-0.9062899999999999,-0.78977,0.20606999999999998,-1.0182
NCP_2022_03_03_METADATA,2022_03_03_NCP_NEURONS_2,3500,23,DELETION,BR00132673,P16,3,311,0.2366,0.38214000000000004,0.64153,-0.23131
NCP_2022_03_03_METADATA,2022_03_03_NCP_NEURONS_2,3500,33,DELETION,BR00132673,P17,3,210,0.61792,0.7424,0.13965999999999998,0.6642600000000001
NCP_2022_03_03_METADATA,2022_03_03_NCP_NEURONS_2,3500,33,DELETION,BR00132673,P18,3,106,2.5539,2.1959999999999997,1.919,2.8573
NCP_2022_03_03_METADATA,2022_03_03_NCP_NEURONS_2,3500,13,DELETION,BR00132673,P19,3,225,0.61315,0.57285,0.46526000000000006,0.85156
NCP_2022_03_03_METADATA,2022_03_03_NCP_NEURONS_2,3500,13,DELETION,BR00132673,P20,3,193,-0.1392,0.3191,-0.033299,-0.0085226
NCP_2022_03_03_METADATA,2022_03_03_NCP_NEURONS_2,3500,35,DELETION,BR00132673,P21,3,89,1.8611,1.9587,1.6324,1.5723
NCP_2022_03_03_METADATA,2022_03_03_NCP_NEURONS_2,3500,35,DELETION,BR00132673,P22,3,62,6.8718,9.7113,0.93019,6.131
NCP_2022_03_03_METADATA,2022_03_03_NCP_NEURONS_2,3500,22,CONTROL,BR00132673,P23,3,189,1.3363,1.3357,0.33878,1.4654
NCP_2022_03_03_METADATA,2022_03_03_NCP_NEURONS_2,3500,22,CONTROL,BR00132673,P24,3,144,1.031,1.1205,0.77181,1.3312
